t_prop_us,noise_pct,init_factor,warm_start,path_change_ack,path_factor,converged_ack,converged_rtt,detection_ack,detection_delta_ack,final_x_est_us,final_min_rtt_us,true_min_rtt_us,final_err_pct,acks_total,final_confirm_cnt,final_confirm_slow_cnt,trial
500,0.0,1.0,False,,1.0,4,249,-1,-1,500,500,500,0.0,5000,0,0,0
500,0.0,1.0,False,,1.0,4,249,-1,-1,500,500,500,0.0,5000,0,0,1
500,0.0,1.0,False,,1.0,4,249,-1,-1,500,500,500,0.0,5000,0,0,2
500,0.0,1.0,False,,1.0,4,249,-1,-1,500,500,500,0.0,5000,0,0,3
500,0.0,1.0,False,,1.0,4,249,-1,-1,500,500,500,0.0,5000,0,0,4
500,0.0,5.0,True,,1.0,0,249,-1,-1,500,500,500,0.0,5000,0,0,0
500,0.0,5.0,True,,1.0,0,249,-1,-1,500,500,500,0.0,5000,0,0,1
500,0.0,5.0,True,,1.0,0,249,-1,-1,500,500,500,0.0,5000,0,0,2
500,0.0,5.0,True,,1.0,0,249,-1,-1,500,500,500,0.0,5000,0,0,3
500,0.0,5.0,True,,1.0,0,249,-1,-1,500,500,500,0.0,5000,0,0,4
500,0.0,10.0,True,,1.0,0,249,-1,-1,500,500,500,0.0,5000,0,0,0
500,0.0,10.0,True,,1.0,0,249,-1,-1,500,500,500,0.0,5000,0,0,1
500,0.0,10.0,True,,1.0,0,249,-1,-1,500,500,500,0.0,5000,0,0,2
500,0.0,10.0,True,,1.0,0,249,-1,-1,500,500,500,0.0,5000,0,0,3
500,0.0,10.0,True,,1.0,0,249,-1,-1,500,500,500,0.0,5000,0,0,4
500,0.5,1.0,False,,1.0,4,249,-1,-1,504,491,500,0.8,5000,0,0,0
500,0.5,1.0,False,,1.0,4,249,-1,-1,499,491,500,0.2,5000,0,0,1
500,0.5,1.0,False,,1.0,4,249,-1,-1,500,491,500,0.0,5000,0,0,2
500,0.5,1.0,False,,1.0,4,249,-1,-1,499,491,500,0.2,5000,0,0,3
500,0.5,1.0,False,,1.0,4,249,-1,-1,501,491,500,0.2,5000,0,0,4
500,0.5,5.0,True,,1.0,0,249,-1,-1,496,490,500,0.8,5000,0,0,0
500,0.5,5.0,True,,1.0,0,249,-1,-1,502,490,500,0.4,5000,0,0,1
500,0.5,5.0,True,,1.0,0,249,-1,-1,501,491,500,0.2,5000,0,0,2
500,0.5,5.0,True,,1.0,0,249,-1,-1,496,489,500,0.8,5000,0,0,3
500,0.5,5.0,True,,1.0,0,249,-1,-1,499,490,500,0.2,5000,0,0,4
500,0.5,10.0,True,,1.0,0,249,-1,-1,500,490,500,0.0,5000,0,0,0
500,0.5,10.0,True,,1.0,0,249,-1,-1,500,490,500,0.0,5000,0,0,1
500,0.5,10.0,True,,1.0,0,249,-1,-1,504,491,500,0.8,5000,0,0,2
500,0.5,10.0,True,,1.0,0,249,-1,-1,500,492,500,0.0,5000,0,0,3
500,0.5,10.0,True,,1.0,0,249,-1,-1,500,489,500,0.0,5000,0,0,4
500,1.0,1.0,False,,1.0,4,249,-1,-1,509,490,500,1.7999999999999998,5000,0,0,0
500,1.0,1.0,False,,1.0,4,249,-1,-1,491,486,500,1.7999999999999998,5000,0,2,1
500,1.0,1.0,False,,1.0,4,249,-1,-1,495,484,500,1.0,5000,0,4,2
500,1.0,1.0,False,,1.0,4,249,-1,-1,504,485,500,0.8,5000,0,1,3
500,1.0,1.0,False,,1.0,4,249,-1,-1,504,486,500,0.8,5000,0,2,4
500,1.0,5.0,True,,1.0,0,249,-1,-1,496,488,500,0.8,5000,0,0,0
500,1.0,5.0,True,,1.0,0,249,-1,-1,504,486,500,0.8,5000,0,3,1
500,1.0,5.0,True,,1.0,0,249,-1,-1,495,488,500,1.0,5000,0,0,2
500,1.0,5.0,True,,1.0,0,249,-1,-1,497,489,500,0.6,5000,0,0,3
500,1.0,5.0,True,,1.0,0,249,-1,-1,496,486,500,0.8,5000,0,1,4
500,1.0,10.0,True,,1.0,0,249,-1,-1,499,485,500,0.2,5000,0,4,0
500,1.0,10.0,True,,1.0,0,249,-1,-1,501,485,500,0.2,5000,0,2,1
500,1.0,10.0,True,,1.0,0,249,-1,-1,497,488,500,0.6,5000,0,2,2
500,1.0,10.0,True,,1.0,0,249,-1,-1,502,486,500,0.4,5000,0,4,3
500,1.0,10.0,True,,1.0,0,249,-1,-1,502,486,500,0.4,5000,0,1,4
500,2.0,1.0,False,,1.0,4,249,-1,-1,492,479,500,1.6,5000,0,2,0
500,2.0,1.0,False,,1.0,5,249,-1,-1,507,485,500,1.4000000000000001,5000,0,1,1
500,2.0,1.0,False,,1.0,5,249,-1,-1,498,476,500,0.4,5000,0,1,2
500,2.0,1.0,False,,1.0,5,249,-1,-1,513,495,500,2.6,5000,0,0,3
500,2.0,1.0,False,,1.0,4,249,-1,-1,488,466,500,2.4,5000,0,1,4
500,2.0,5.0,True,,1.0,0,249,-1,-1,514,483,500,2.8000000000000003,5000,0,3,0
500,2.0,5.0,True,,1.0,0,249,-1,-1,496,475,500,0.8,5000,0,1,1
500,2.0,5.0,True,,1.0,0,249,-1,-1,498,498,500,0.4,5000,0,0,2
500,2.0,5.0,True,,1.0,0,249,-1,-1,494,494,500,1.2,5000,0,0,3
500,2.0,5.0,True,,1.0,0,249,-1,-1,493,482,500,1.4000000000000001,5000,0,3,4
500,2.0,10.0,True,,1.0,0,249,-1,-1,496,480,500,0.8,5000,0,3,0
500,2.0,10.0,True,,1.0,1,249,-1,-1,486,486,500,2.8000000000000003,5000,0,0,1
500,2.0,10.0,True,,1.0,0,249,-1,-1,503,485,500,0.6,5000,0,3,2
500,2.0,10.0,True,,1.0,0,249,-1,-1,492,478,500,1.6,5000,0,3,3
500,2.0,10.0,True,,1.0,0,249,-1,-1,505,482,500,1.0,5000,0,0,4
500,5.0,1.0,False,,1.0,4,249,-1,-1,480,480,500,4.0,5000,0,0,0
500,5.0,1.0,False,,1.0,10,249,-1,-1,492,476,500,1.6,5000,0,0,1
500,5.0,1.0,False,,1.0,4,249,-1,-1,529,461,500,5.800000000000001,5000,1,2,2
500,5.0,1.0,False,,1.0,8,249,-1,-1,516,516,500,3.2,5000,0,0,3
500,5.0,1.0,False,,1.0,10,249,-1,-1,500,489,500,0.0,5000,0,0,4
500,5.0,5.0,True,,1.0,1,249,-1,-1,486,476,500,2.8000000000000003,5000,0,2,0
500,5.0,5.0,True,,1.0,3,249,-1,-1,487,487,500,2.6,5000,0,0,1
500,5.0,5.0,True,,1.0,1,249,-1,-1,547,476,500,9.4,5000,1,3,2
500,5.0,5.0,True,,1.0,1,249,-1,-1,504,504,500,0.8,5000,0,0,3
500,5.0,5.0,True,,1.0,2,249,-1,-1,496,496,500,0.8,5000,0,0,4
500,5.0,10.0,True,,1.0,1,249,-1,-1,503,469,500,0.6,5000,0,3,0
500,5.0,10.0,True,,1.0,2,249,-1,-1,517,481,500,3.4000000000000004,5000,0,1,1
500,5.0,10.0,True,,1.0,1,249,-1,-1,515,511,500,3.0,5000,0,0,2
500,5.0,10.0,True,,1.0,2,249,-1,-1,522,466,500,4.3999999999999995,5000,1,1,3
500,5.0,10.0,True,,1.0,1,249,-1,-1,499,474,500,0.2,5000,0,2,4
500,10.0,1.0,False,,1.0,6,249,-1,-1,488,476,500,2.4,5000,0,0,0
500,10.0,1.0,False,,1.0,13,249,-1,-1,476,425,500,4.8,5000,1,1,1
500,10.0,1.0,False,,1.0,9,249,-1,-1,379,379,500,24.2,5000,0,0,2
500,10.0,1.0,False,,1.0,4,249,-1,-1,555,393,500,11.0,5000,3,3,3
500,10.0,1.0,False,,1.0,4,249,-1,-1,461,461,500,7.8,5000,0,0,4
500,10.0,5.0,True,,1.0,0,249,-1,-1,465,465,500,7.000000000000001,5000,0,0,0
500,10.0,5.0,True,,1.0,17,249,-1,-1,568,568,500,13.600000000000001,5000,0,0,1
500,10.0,5.0,True,,1.0,9,249,-1,-1,529,529,500,5.800000000000001,5000,0,0,2
500,10.0,5.0,True,,1.0,6,249,-1,-1,495,460,500,1.0,5000,0,1,3
500,10.0,5.0,True,,1.0,3,249,-1,-1,420,420,500,16.0,5000,0,0,4
500,10.0,10.0,True,,1.0,3,249,-1,-1,456,434,500,8.799999999999999,5000,0,1,0
500,10.0,10.0,True,,1.0,0,249,-1,-1,497,439,500,0.6,5000,2,2,1
500,10.0,10.0,True,,1.0,2,249,-1,-1,491,491,500,1.7999999999999998,5000,0,0,2
500,10.0,10.0,True,,1.0,1,249,-1,-1,472,417,500,5.6000000000000005,5000,1,2,3
500,10.0,10.0,True,,1.0,1,249,-1,-1,417,390,500,16.6,5000,0,2,4
500,20.0,1.0,False,,1.0,4,249,-1,-1,472,412,500,5.6000000000000005,5000,1,2,0
500,20.0,1.0,False,,1.0,7,249,-1,-1,493,394,500,1.4000000000000001,5000,2,2,1
500,20.0,1.0,False,,1.0,5,249,-1,-1,361,322,500,27.800000000000004,5000,1,1,2
500,20.0,1.0,False,,1.0,8,249,-1,-1,465,396,500,7.000000000000001,5000,1,3,3
500,20.0,1.0,False,,1.0,6,249,-1,-1,554,554,500,10.8,5000,0,0,4
500,20.0,5.0,True,,1.0,19,249,-1,-1,481,403,500,3.8,5000,2,2,0
500,20.0,5.0,True,,1.0,27,249,-1,-1,555,495,500,11.0,5000,1,1,1
500,20.0,5.0,True,,1.0,23,249,-1,-1,433,433,500,13.4,5000,0,0,2
500,20.0,5.0,True,,1.0,3,249,-1,-1,504,504,500,0.8,5000,0,0,3
500,20.0,5.0,True,,1.0,4,249,-1,-1,503,446,500,0.6,5000,2,2,4
500,20.0,10.0,True,,1.0,0,249,-1,-1,612,530,500,22.400000000000002,5000,1,1,0
500,20.0,10.0,True,,1.0,12,249,-1,-1,453,360,500,9.4,5000,2,2,1
500,20.0,10.0,True,,1.0,0,249,-1,-1,482,430,500,3.5999999999999996,5000,1,1,2
500,20.0,10.0,True,,1.0,6,249,-1,-1,388,388,500,22.400000000000002,5000,0,0,3
500,20.0,10.0,True,,1.0,23,249,-1,-1,460,366,500,8.0,5000,2,2,4
1000,0.0,1.0,False,,1.0,4,249,-1,-1,1000,1000,1000,0.0,5000,0,0,0
1000,0.0,1.0,False,,1.0,4,249,-1,-1,1000,1000,1000,0.0,5000,0,0,1
1000,0.0,1.0,False,,1.0,4,249,-1,-1,1000,1000,1000,0.0,5000,0,0,2
1000,0.0,1.0,False,,1.0,4,249,-1,-1,1000,1000,1000,0.0,5000,0,0,3
1000,0.0,1.0,False,,1.0,4,249,-1,-1,1000,1000,1000,0.0,5000,0,0,4
1000,0.0,5.0,True,,1.0,0,249,-1,-1,1000,1000,1000,0.0,5000,0,0,0
1000,0.0,5.0,True,,1.0,0,249,-1,-1,1000,1000,1000,0.0,5000,0,0,1
1000,0.0,5.0,True,,1.0,0,249,-1,-1,1000,1000,1000,0.0,5000,0,0,2
1000,0.0,5.0,True,,1.0,0,249,-1,-1,1000,1000,1000,0.0,5000,0,0,3
1000,0.0,5.0,True,,1.0,0,249,-1,-1,1000,1000,1000,0.0,5000,0,0,4
1000,0.0,10.0,True,,1.0,0,249,-1,-1,1000,1000,1000,0.0,5000,0,0,0
1000,0.0,10.0,True,,1.0,0,249,-1,-1,1000,1000,1000,0.0,5000,0,0,1
1000,0.0,10.0,True,,1.0,0,249,-1,-1,1000,1000,1000,0.0,5000,0,0,2
1000,0.0,10.0,True,,1.0,0,249,-1,-1,1000,1000,1000,0.0,5000,0,0,3
1000,0.0,10.0,True,,1.0,0,249,-1,-1,1000,1000,1000,0.0,5000,0,0,4
1000,0.5,1.0,False,,1.0,4,249,-1,-1,996,982,1000,0.4,5000,0,0,0
1000,0.5,1.0,False,,1.0,4,249,-1,-1,995,981,1000,0.5,5000,0,0,1
1000,0.5,1.0,False,,1.0,4,249,-1,-1,995,980,1000,0.5,5000,0,0,2
1000,0.5,1.0,False,,1.0,4,249,-1,-1,1005,982,1000,0.5,5000,0,0,3
1000,0.5,1.0,False,,1.0,4,249,-1,-1,998,981,1000,0.2,5000,0,0,4
1000,0.5,5.0,True,,1.0,0,249,-1,-1,989,981,1000,1.0999999999999999,5000,0,0,0
1000,0.5,5.0,True,,1.0,0,249,-1,-1,995,980,1000,0.5,5000,0,0,1
1000,0.5,5.0,True,,1.0,0,249,-1,-1,994,980,1000,0.6,5000,0,0,2
1000,0.5,5.0,True,,1.0,0,249,-1,-1,1001,983,1000,0.1,5000,0,0,3
1000,0.5,5.0,True,,1.0,0,249,-1,-1,996,981,1000,0.4,5000,0,0,4
1000,0.5,10.0,True,,1.0,0,249,-1,-1,999,982,1000,0.1,5000,0,0,0
1000,0.5,10.0,True,,1.0,0,249,-1,-1,991,981,1000,0.8999999999999999,5000,0,0,1
1000,0.5,10.0,True,,1.0,0,249,-1,-1,990,982,1000,1.0,5000,0,0,2
1000,0.5,10.0,True,,1.0,0,249,-1,-1,997,984,1000,0.3,5000,0,0,3
1000,0.5,10.0,True,,1.0,0,249,-1,-1,999,981,1000,0.1,5000,0,0,4
1000,1.0,1.0,False,,1.0,4,249,-1,-1,986,972,1000,1.4000000000000001,5000,0,3,0
1000,1.0,1.0,False,,1.0,4,249,-1,-1,1002,979,1000,0.2,5000,0,0,1
1000,1.0,1.0,False,,1.0,4,249,-1,-1,1006,982,1000,0.6,5000,0,0,2
1000,1.0,1.0,False,,1.0,4,249,-1,-1,1014,978,1000,1.4000000000000001,5000,0,0,3
1000,1.0,1.0,False,,1.0,4,249,-1,-1,991,971,1000,0.8999999999999999,5000,0,0,4
1000,1.0,5.0,True,,1.0,0,249,-1,-1,984,974,1000,1.6,5000,0,0,0
1000,1.0,5.0,True,,1.0,0,249,-1,-1,1022,974,1000,2.1999999999999997,5000,0,2,1
1000,1.0,5.0,True,,1.0,0,249,-1,-1,999,982,1000,0.1,5000,0,0,2
1000,1.0,5.0,True,,1.0,0,249,-1,-1,987,973,1000,1.3,5000,0,0,3
1000,1.0,5.0,True,,1.0,0,249,-1,-1,1000,968,1000,0.0,5000,0,0,4
1000,1.0,10.0,True,,1.0,0,249,-1,-1,990,976,1000,1.0,5000,0,0,0
1000,1.0,10.0,True,,1.0,0,249,-1,-1,997,977,1000,0.3,5000,0,2,1
1000,1.0,10.0,True,,1.0,0,249,-1,-1,990,971,1000,1.0,5000,0,4,2
1000,1.0,10.0,True,,1.0,0,249,-1,-1,996,969,1000,0.4,5000,0,0,3
1000,1.0,10.0,True,,1.0,0,249,-1,-1,1002,971,1000,0.2,5000,0,2,4
1000,2.0,1.0,False,,1.0,5,249,-1,-1,993,976,1000,0.7000000000000001,5000,0,0,0
1000,2.0,1.0,False,,1.0,7,249,-1,-1,990,990,1000,1.0,5000,0,0,1
1000,2.0,1.0,False,,1.0,5,249,-1,-1,1021,1021,1000,2.1,5000,0,0,2
1000,2.0,1.0,False,,1.0,4,249,-1,-1,981,975,1000,1.9,5000,0,0,3
1000,2.0,1.0,False,,1.0,4,249,-1,-1,1015,979,1000,1.5,5000,0,1,4
1000,2.0,5.0,True,,1.0,3,249,-1,-1,972,963,1000,2.8000000000000003,5000,0,2,0
1000,2.0,5.0,True,,1.0,0,249,-1,-1,990,962,1000,1.0,5000,0,1,1
1000,2.0,5.0,True,,1.0,0,249,-1,-1,1001,967,1000,0.1,5000,0,0,2
1000,2.0,5.0,True,,1.0,0,249,-1,-1,963,954,1000,3.6999999999999997,5000,0,3,3
1000,2.0,5.0,True,,1.0,0,249,-1,-1,1022,983,1000,2.1999999999999997,5000,0,0,4
1000,2.0,10.0,True,,1.0,2,249,-1,-1,1030,961,1000,3.0,5000,0,3,0
1000,2.0,10.0,True,,1.0,1,249,-1,-1,983,983,1000,1.7000000000000002,5000,0,0,1
1000,2.0,10.0,True,,1.0,0,249,-1,-1,1006,957,1000,0.6,5000,0,4,2
1000,2.0,10.0,True,,1.0,0,249,-1,-1,1039,969,1000,3.9,5000,0,3,3
1000,2.0,10.0,True,,1.0,0,249,-1,-1,1005,973,1000,0.5,5000,0,2,4
1000,5.0,1.0,False,,1.0,4,249,-1,-1,1066,972,1000,6.6000000000000005,5000,0,1,0
1000,5.0,1.0,False,,1.0,6,249,-1,-1,984,944,1000,1.6,5000,0,4,1
1000,5.0,1.0,False,,1.0,5,249,-1,-1,977,977,1000,2.3,5000,0,0,2
1000,5.0,1.0,False,,1.0,4,249,-1,-1,1061,961,1000,6.1,5000,1,2,3
1000,5.0,1.0,False,,1.0,4,249,-1,-1,1021,933,1000,2.1,5000,0,3,4
1000,5.0,5.0,True,,1.0,4,249,-1,-1,965,913,1000,3.5000000000000004,5000,0,2,0
1000,5.0,5.0,True,,1.0,1,249,-1,-1,992,988,1000,0.8,5000,0,1,1
1000,5.0,5.0,True,,1.0,0,249,-1,-1,1135,902,1000,13.5,5000,2,2,2
1000,5.0,5.0,True,,1.0,0,249,-1,-1,951,922,1000,4.9,5000,0,1,3
1000,5.0,5.0,True,,1.0,0,249,-1,-1,933,933,1000,6.7,5000,0,0,4
1000,5.0,10.0,True,,1.0,3,249,-1,-1,1028,920,1000,2.8000000000000003,5000,1,1,0
1000,5.0,10.0,True,,1.0,7,249,-1,-1,1090,928,1000,9.0,5000,2,2,1
1000,5.0,10.0,True,,1.0,3,249,-1,-1,975,905,1000,2.5,5000,0,3,2
1000,5.0,10.0,True,,1.0,2,249,-1,-1,1025,975,1000,2.5,5000,0,1,3
1000,5.0,10.0,True,,1.0,0,249,-1,-1,963,931,1000,3.6999999999999997,5000,0,3,4
1000,10.0,1.0,False,,1.0,21,249,-1,-1,853,849,1000,14.7,5000,0,0,0
1000,10.0,1.0,False,,1.0,9,249,-1,-1,823,734,1000,17.7,5000,1,1,1
1000,10.0,1.0,False,,1.0,6,249,-1,-1,1016,1016,1000,1.6,5000,0,0,2
1000,10.0,1.0,False,,1.0,10,249,-1,-1,969,969,1000,3.1,5000,0,0,3
1000,10.0,1.0,False,,1.0,14,249,-1,-1,1109,1022,1000,10.9,5000,0,1,4
1000,10.0,5.0,True,,1.0,34,249,-1,-1,817,773,1000,18.3,5000,0,1,0
1000,10.0,5.0,True,,1.0,9,249,-1,-1,1029,861,1000,2.9000000000000004,5000,3,3,1
1000,10.0,5.0,True,,1.0,10,249,-1,-1,1104,1010,1000,10.4,5000,0,3,2
1000,10.0,5.0,True,,1.0,1,249,-1,-1,953,787,1000,4.7,5000,2,2,3
1000,10.0,5.0,True,,1.0,2,249,-1,-1,959,855,1000,4.1000000000000005,5000,1,1,4
1000,10.0,10.0,True,,1.0,0,249,-1,-1,1004,895,1000,0.4,5000,1,1,0
1000,10.0,10.0,True,,1.0,8,249,-1,-1,968,968,1000,3.2,5000,0,0,1
1000,10.0,10.0,True,,1.0,12,249,-1,-1,1133,877,1000,13.3,5000,3,3,2
1000,10.0,10.0,True,,1.0,4,249,-1,-1,839,839,1000,16.1,5000,0,0,3
1000,10.0,10.0,True,,1.0,0,249,-1,-1,1099,980,1000,9.9,5000,1,1,4
1000,20.0,1.0,False,,1.0,24,249,-1,-1,1134,1011,1000,13.4,5000,1,1,0
1000,20.0,1.0,False,,1.0,27,249,-1,-1,917,917,1000,8.3,5000,0,0,1
1000,20.0,1.0,False,,1.0,16,249,-1,-1,718,718,1000,28.199999999999996,5000,0,0,2
1000,20.0,1.0,False,,1.0,4,249,-1,-1,950,824,1000,5.0,5000,1,1,3
1000,20.0,1.0,False,,1.0,8,249,-1,-1,614,435,1000,38.6,5000,3,3,4
1000,20.0,5.0,True,,1.0,12,249,-1,-1,1195,906,1000,19.5,5000,3,3,0
1000,20.0,5.0,True,,1.0,25,249,-1,-1,1025,944,1000,2.5,5000,0,1,1
1000,20.0,5.0,True,,1.0,0,249,-1,-1,1219,1219,1000,21.9,5000,0,0,2
1000,20.0,5.0,True,,1.0,7,249,-1,-1,793,707,1000,20.7,5000,1,1,3
1000,20.0,5.0,True,,1.0,41,249,-1,-1,894,783,1000,10.6,5000,3,3,4
1000,20.0,10.0,True,,1.0,1,249,-1,-1,915,694,1000,8.5,5000,3,3,0
1000,20.0,10.0,True,,1.0,1,249,-1,-1,1020,909,1000,2.0,5000,1,1,1
1000,20.0,10.0,True,,1.0,22,249,-1,-1,935,806,1000,6.5,5000,1,4,2
1000,20.0,10.0,True,,1.0,9,249,-1,-1,899,899,1000,10.100000000000001,5000,0,0,3
1000,20.0,10.0,True,,1.0,4,249,-1,-1,1125,911,1000,12.5,5000,3,3,4
5000,0.0,1.0,False,,1.0,4,249,-1,-1,5000,5000,5000,0.0,5000,0,0,0
5000,0.0,1.0,False,,1.0,4,249,-1,-1,5000,5000,5000,0.0,5000,0,0,1
5000,0.0,1.0,False,,1.0,4,249,-1,-1,5000,5000,5000,0.0,5000,0,0,2
5000,0.0,1.0,False,,1.0,4,249,-1,-1,5000,5000,5000,0.0,5000,0,0,3
5000,0.0,1.0,False,,1.0,4,249,-1,-1,5000,5000,5000,0.0,5000,0,0,4
5000,0.0,5.0,True,,1.0,0,249,-1,-1,5000,5000,5000,0.0,5000,0,0,0
5000,0.0,5.0,True,,1.0,0,249,-1,-1,5000,5000,5000,0.0,5000,0,0,1
5000,0.0,5.0,True,,1.0,0,249,-1,-1,5000,5000,5000,0.0,5000,0,0,2
5000,0.0,5.0,True,,1.0,0,249,-1,-1,5000,5000,5000,0.0,5000,0,0,3
5000,0.0,5.0,True,,1.0,0,249,-1,-1,5000,5000,5000,0.0,5000,0,0,4
5000,0.0,10.0,True,,1.0,0,249,-1,-1,5000,5000,5000,0.0,5000,0,0,0
5000,0.0,10.0,True,,1.0,0,249,-1,-1,5000,5000,5000,0.0,5000,0,0,1
5000,0.0,10.0,True,,1.0,0,249,-1,-1,5000,5000,5000,0.0,5000,0,0,2
5000,0.0,10.0,True,,1.0,0,249,-1,-1,5000,5000,5000,0.0,5000,0,0,3
5000,0.0,10.0,True,,1.0,0,249,-1,-1,5000,5000,5000,0.0,5000,0,0,4
5000,0.5,1.0,False,,1.0,4,249,-1,-1,4989,4889,5000,0.22,5000,0,0,0
5000,0.5,1.0,False,,1.0,4,249,-1,-1,4976,4899,5000,0.48,5000,0,0,1
5000,0.5,1.0,False,,1.0,4,249,-1,-1,4994,4908,5000,0.12,5000,0,0,2
5000,0.5,1.0,False,,1.0,4,249,-1,-1,5037,4913,5000,0.74,5000,0,0,3
5000,0.5,1.0,False,,1.0,4,249,-1,-1,5022,4892,5000,0.44,5000,0,0,4
5000,0.5,5.0,True,,1.0,0,249,-1,-1,4990,4898,5000,0.2,5000,0,0,0
5000,0.5,5.0,True,,1.0,0,249,-1,-1,4964,4898,5000,0.72,5000,0,0,1
5000,0.5,5.0,True,,1.0,0,249,-1,-1,4982,4911,5000,0.36,5000,0,0,2
5000,0.5,5.0,True,,1.0,0,249,-1,-1,4976,4913,5000,0.48,5000,0,0,3
5000,0.5,5.0,True,,1.0,0,249,-1,-1,4969,4901,5000,0.62,5000,0,0,4
5000,0.5,10.0,True,,1.0,0,249,-1,-1,5020,4914,5000,0.4,5000,0,0,0
5000,0.5,10.0,True,,1.0,0,249,-1,-1,5016,4911,5000,0.32,5000,0,0,1
5000,0.5,10.0,True,,1.0,0,249,-1,-1,5033,4905,5000,0.66,5000,0,0,2
5000,0.5,10.0,True,,1.0,0,249,-1,-1,4983,4913,5000,0.33999999999999997,5000,0,0,3
5000,0.5,10.0,True,,1.0,0,249,-1,-1,5029,4899,5000,0.58,5000,0,0,4
5000,1.0,1.0,False,,1.0,4,249,-1,-1,5051,4866,5000,1.02,5000,0,0,0
5000,1.0,1.0,False,,1.0,4,249,-1,-1,5003,4877,5000,0.06,5000,0,0,1
5000,1.0,1.0,False,,1.0,4,249,-1,-1,5097,4856,5000,1.94,5000,0,0,2
5000,1.0,1.0,False,,1.0,4,249,-1,-1,4997,4848,5000,0.06,5000,0,2,3
5000,1.0,1.0,False,,1.0,4,249,-1,-1,5058,4881,5000,1.16,5000,0,0,4
5000,1.0,5.0,True,,1.0,1,249,-1,-1,5013,4859,5000,0.26,5000,0,4,0
5000,1.0,5.0,True,,1.0,0,249,-1,-1,4979,4878,5000,0.42,5000,0,0,1
5000,1.0,5.0,True,,1.0,0,249,-1,-1,4994,4872,5000,0.12,5000,0,1,2
5000,1.0,5.0,True,,1.0,0,249,-1,-1,4911,4857,5000,1.78,5000,0,0,3
5000,1.0,5.0,True,,1.0,0,249,-1,-1,5069,4870,5000,1.38,5000,0,0,4
5000,1.0,10.0,True,,1.0,0,249,-1,-1,5027,4936,5000,0.54,5000,0,0,0
5000,1.0,10.0,True,,1.0,0,249,-1,-1,4964,4842,5000,0.72,5000,0,4,1
5000,1.0,10.0,True,,1.0,0,249,-1,-1,5017,4849,5000,0.33999999999999997,5000,0,3,2
5000,1.0,10.0,True,,1.0,0,249,-1,-1,5021,4883,5000,0.42,5000,0,0,3
5000,1.0,10.0,True,,1.0,0,249,-1,-1,4929,4889,5000,1.4200000000000002,5000,0,0,4
5000,2.0,1.0,False,,1.0,4,249,-1,-1,5121,4927,5000,2.42,5000,0,1,0
5000,2.0,1.0,False,,1.0,7,249,-1,-1,5132,4849,5000,2.64,5000,0,2,1
5000,2.0,1.0,False,,1.0,4,249,-1,-1,4890,4875,5000,2.1999999999999997,5000,0,2,2
5000,2.0,1.0,False,,1.0,4,249,-1,-1,4800,4759,5000,4.0,5000,0,3,3
5000,2.0,1.0,False,,1.0,4,249,-1,-1,4887,4831,5000,2.26,5000,0,1,4
5000,2.0,5.0,True,,1.0,1,249,-1,-1,4844,4844,5000,3.1199999999999997,5000,0,0,0
5000,2.0,5.0,True,,1.0,0,249,-1,-1,4952,4858,5000,0.96,5000,0,0,1
5000,2.0,5.0,True,,1.0,3,249,-1,-1,5049,4716,5000,0.98,5000,0,2,2
5000,2.0,5.0,True,,1.0,0,249,-1,-1,5133,5133,5000,2.6599999999999997,5000,0,0,3
5000,2.0,5.0,True,,1.0,1,249,-1,-1,4934,4934,5000,1.32,5000,0,0,4
5000,2.0,10.0,True,,1.0,1,249,-1,-1,4977,4811,5000,0.45999999999999996,5000,0,2,0
5000,2.0,10.0,True,,1.0,0,249,-1,-1,5032,4823,5000,0.64,5000,0,1,1
5000,2.0,10.0,True,,1.0,1,249,-1,-1,4920,4883,5000,1.6,5000,0,0,2
5000,2.0,10.0,True,,1.0,1,249,-1,-1,4891,4864,5000,2.18,5000,0,3,3
5000,2.0,10.0,True,,1.0,0,249,-1,-1,5008,4891,5000,0.16,5000,0,1,4
5000,5.0,1.0,False,,1.0,26,249,-1,-1,4998,4998,5000,0.04,5000,0,0,0
5000,5.0,1.0,False,,1.0,6,249,-1,-1,4640,4640,5000,7.199999999999999,5000,0,0,1
5000,5.0,1.0,False,,1.0,7,249,-1,-1,4740,4596,5000,5.2,5000,0,1,2
5000,5.0,1.0,False,,1.0,4,249,-1,-1,5121,4748,5000,2.42,5000,0,3,3
5000,5.0,1.0,False,,1.0,4,249,-1,-1,5114,4558,5000,2.2800000000000002,5000,1,1,4
5000,5.0,5.0,True,,1.0,1,249,-1,-1,5076,5076,5000,1.52,5000,0,0,0
5000,5.0,5.0,True,,1.0,2,249,-1,-1,4982,4729,5000,0.36,5000,0,4,1
5000,5.0,5.0,True,,1.0,0,249,-1,-1,5049,4697,5000,0.98,5000,0,4,2
5000,5.0,5.0,True,,1.0,3,249,-1,-1,4747,4668,5000,5.06,5000,0,2,3
5000,5.0,5.0,True,,1.0,1,249,-1,-1,4944,4779,5000,1.1199999999999999,5000,0,0,4
5000,5.0,10.0,True,,1.0,1,249,-1,-1,5190,4666,5000,3.8,5000,1,1,0
5000,5.0,10.0,True,,1.0,0,249,-1,-1,5153,4604,5000,3.06,5000,2,3,1
5000,5.0,10.0,True,,1.0,0,249,-1,-1,5123,4958,5000,2.46,5000,0,1,2
5000,5.0,10.0,True,,1.0,2,249,-1,-1,4601,4601,5000,7.9799999999999995,5000,0,0,3
5000,5.0,10.0,True,,1.0,0,249,-1,-1,5090,4497,5000,1.7999999999999998,5000,1,1,4
5000,10.0,1.0,False,,1.0,6,249,-1,-1,4618,4116,5000,7.64,5000,1,1,0
5000,10.0,1.0,False,,1.0,5,249,-1,-1,4638,4006,5000,7.24,5000,2,2,1
5000,10.0,1.0,False,,1.0,8,249,-1,-1,4808,4286,5000,3.84,5000,1,1,2
5000,10.0,1.0,False,,1.0,5,249,-1,-1,5394,4512,5000,7.88,5000,2,2,3
5000,10.0,1.0,False,,1.0,10,249,-1,-1,5150,4724,5000,3.0,5000,0,1,4
5000,10.0,5.0,True,,1.0,12,249,-1,-1,4883,4285,5000,2.34,5000,1,3,0
5000,10.0,5.0,True,,1.0,13,249,-1,-1,4643,4643,5000,7.140000000000001,5000,0,0,1
5000,10.0,5.0,True,,1.0,1,249,-1,-1,5425,4376,5000,8.5,5000,2,3,2
5000,10.0,5.0,True,,1.0,11,249,-1,-1,4264,4264,5000,14.719999999999999,5000,0,0,3
5000,10.0,5.0,True,,1.0,14,249,-1,-1,5621,5621,5000,12.42,5000,0,0,4
5000,10.0,10.0,True,,1.0,0,249,-1,-1,4666,4159,5000,6.68,5000,1,1,0
5000,10.0,10.0,True,,1.0,3,249,-1,-1,4822,4190,5000,3.56,5000,1,2,1
5000,10.0,10.0,True,,1.0,4,249,-1,-1,4382,3906,5000,12.36,5000,1,1,2
5000,10.0,10.0,True,,1.0,1,249,-1,-1,4800,4341,5000,4.0,5000,3,3,3
5000,10.0,10.0,True,,1.0,0,249,-1,-1,5280,4440,5000,5.6000000000000005,5000,1,3,4
5000,20.0,1.0,False,,1.0,16,249,-1,-1,5841,5206,5000,16.82,5000,1,1,0
5000,20.0,1.0,False,,1.0,16,249,-1,-1,5198,4222,5000,3.9600000000000004,5000,1,4,1
5000,20.0,1.0,False,,1.0,6,249,-1,-1,4312,3257,5000,13.76,5000,2,4,2
5000,20.0,1.0,False,,1.0,13,249,-1,-1,4621,4621,5000,7.580000000000001,5000,0,0,3
5000,20.0,1.0,False,,1.0,24,249,-1,-1,5147,5147,5000,2.94,5000,0,0,4
5000,20.0,5.0,True,,1.0,3,249,-1,-1,3813,3813,5000,23.74,5000,0,0,0
5000,20.0,5.0,True,,1.0,32,249,-1,-1,5374,4198,5000,7.48,5000,3,3,1
5000,20.0,5.0,True,,1.0,12,249,-1,-1,5155,5155,5000,3.1,5000,0,0,2
5000,20.0,5.0,True,,1.0,16,249,-1,-1,5686,4026,5000,13.719999999999999,5000,3,3,3
5000,20.0,5.0,True,,1.0,44,249,-1,-1,4606,4106,5000,7.88,5000,1,1,4
5000,20.0,10.0,True,,1.0,5,249,-1,-1,5398,5398,5000,7.960000000000001,5000,0,0,0
5000,20.0,10.0,True,,1.0,4,249,-1,-1,5111,4429,5000,2.22,5000,3,3,1
5000,20.0,10.0,True,,1.0,6,249,-1,-1,4941,4941,5000,1.18,5000,0,0,2
5000,20.0,10.0,True,,1.0,14,249,-1,-1,5120,4564,5000,2.4,5000,1,1,3
5000,20.0,10.0,True,,1.0,8,249,-1,-1,3960,3146,5000,20.8,5000,2,2,4
10000,0.0,1.0,False,,1.0,4,249,-1,-1,10000,10000,10000,0.0,5000,0,0,0
10000,0.0,1.0,False,,1.0,4,249,-1,-1,10000,10000,10000,0.0,5000,0,0,1
10000,0.0,1.0,False,,1.0,4,249,-1,-1,10000,10000,10000,0.0,5000,0,0,2
10000,0.0,1.0,False,,1.0,4,249,-1,-1,10000,10000,10000,0.0,5000,0,0,3
10000,0.0,1.0,False,,1.0,4,249,-1,-1,10000,10000,10000,0.0,5000,0,0,4
10000,0.0,5.0,True,,1.0,0,249,-1,-1,10000,10000,10000,0.0,5000,0,0,0
10000,0.0,5.0,True,,1.0,0,249,-1,-1,10000,10000,10000,0.0,5000,0,0,1
10000,0.0,5.0,True,,1.0,0,249,-1,-1,10000,10000,10000,0.0,5000,0,0,2
10000,0.0,5.0,True,,1.0,0,249,-1,-1,10000,10000,10000,0.0,5000,0,0,3
10000,0.0,5.0,True,,1.0,0,249,-1,-1,10000,10000,10000,0.0,5000,0,0,4
10000,0.0,10.0,True,,1.0,0,249,-1,-1,10000,10000,10000,0.0,5000,0,0,0
10000,0.0,10.0,True,,1.0,0,249,-1,-1,10000,10000,10000,0.0,5000,0,0,1
10000,0.0,10.0,True,,1.0,0,249,-1,-1,10000,10000,10000,0.0,5000,0,0,2
10000,0.0,10.0,True,,1.0,0,249,-1,-1,10000,10000,10000,0.0,5000,0,0,3
10000,0.0,10.0,True,,1.0,0,249,-1,-1,10000,10000,10000,0.0,5000,0,0,4
10000,0.5,1.0,False,,1.0,4,249,-1,-1,10009,9833,10000,0.09,5000,0,0,0
10000,0.5,1.0,False,,1.0,4,249,-1,-1,10012,9820,10000,0.12,5000,0,0,1
10000,0.5,1.0,False,,1.0,4,249,-1,-1,9911,9811,10000,0.89,5000,0,0,2
10000,0.5,1.0,False,,1.0,4,249,-1,-1,9990,9833,10000,0.1,5000,0,0,3
10000,0.5,1.0,False,,1.0,4,249,-1,-1,10038,9813,10000,0.38,5000,0,0,4
10000,0.5,5.0,True,,1.0,0,249,-1,-1,9991,9812,10000,0.09,5000,0,0,0
10000,0.5,5.0,True,,1.0,0,249,-1,-1,9942,9813,10000,0.58,5000,0,0,1
10000,0.5,5.0,True,,1.0,0,249,-1,-1,10139,9808,10000,1.39,5000,0,0,2
10000,0.5,5.0,True,,1.0,0,249,-1,-1,10059,9828,10000,0.59,5000,0,0,3
10000,0.5,5.0,True,,1.0,1,249,-1,-1,9939,9787,10000,0.61,5000,0,0,4
10000,0.5,10.0,True,,1.0,0,249,-1,-1,10000,9805,10000,0.0,5000,0,0,0
10000,0.5,10.0,True,,1.0,0,249,-1,-1,10050,9821,10000,0.5,5000,0,0,1
10000,0.5,10.0,True,,1.0,0,249,-1,-1,9990,9819,10000,0.1,5000,0,0,2
10000,0.5,10.0,True,,1.0,0,249,-1,-1,10009,9801,10000,0.09,5000,0,0,3
10000,0.5,10.0,True,,1.0,0,249,-1,-1,9989,9835,10000,0.11,5000,0,0,4
10000,1.0,1.0,False,,1.0,4,249,-1,-1,9854,9749,10000,1.46,5000,0,2,0
10000,1.0,1.0,False,,1.0,4,249,-1,-1,10036,9766,10000,0.36,5000,0,0,1
10000,1.0,1.0,False,,1.0,4,249,-1,-1,9883,9802,10000,1.17,5000,0,0,2
10000,1.0,1.0,False,,1.0,4,249,-1,-1,9889,9746,10000,1.11,5000,0,0,3
10000,1.0,1.0,False,,1.0,4,249,-1,-1,10147,9790,10000,1.47,5000,0,0,4
10000,1.0,5.0,True,,1.0,0,249,-1,-1,9793,9793,10000,2.07,5000,0,0,0
10000,1.0,5.0,True,,1.0,0,249,-1,-1,9924,9738,10000,0.76,5000,0,4,1
10000,1.0,5.0,True,,1.0,0,249,-1,-1,9993,9868,10000,0.06999999999999999,5000,0,0,2
10000,1.0,5.0,True,,1.0,0,249,-1,-1,10120,9825,10000,1.2,5000,0,0,3
10000,1.0,5.0,True,,1.0,0,249,-1,-1,10007,9726,10000,0.06999999999999999,5000,0,1,4
10000,1.0,10.0,True,,1.0,0,249,-1,-1,10057,9701,10000,0.5700000000000001,5000,0,4,0
10000,1.0,10.0,True,,1.0,0,249,-1,-1,10220,9850,10000,2.1999999999999997,5000,0,0,1
10000,1.0,10.0,True,,1.0,0,249,-1,-1,10060,9754,10000,0.6,5000,0,0,2
10000,1.0,10.0,True,,1.0,0,249,-1,-1,10035,9772,10000,0.35000000000000003,5000,0,0,3
10000,1.0,10.0,True,,1.0,0,249,-1,-1,10053,9681,10000,0.53,5000,0,3,4
10000,2.0,1.0,False,,1.0,6,249,-1,-1,10081,9602,10000,0.8099999999999999,5000,0,2,0
10000,2.0,1.0,False,,1.0,5,249,-1,-1,10236,9629,10000,2.36,5000,0,2,1
10000,2.0,1.0,False,,1.0,4,249,-1,-1,10170,9374,10000,1.7000000000000002,5000,0,1,2
10000,2.0,1.0,False,,1.0,4,249,-1,-1,10253,9678,10000,2.53,5000,0,1,3
10000,2.0,1.0,False,,1.0,4,249,-1,-1,10164,9592,10000,1.6400000000000001,5000,0,1,4
10000,2.0,5.0,True,,1.0,2,249,-1,-1,9908,9748,10000,0.9199999999999999,5000,0,0,0
10000,2.0,5.0,True,,1.0,0,249,-1,-1,9993,9730,10000,0.06999999999999999,5000,0,0,1
10000,2.0,5.0,True,,1.0,0,249,-1,-1,10140,9658,10000,1.4000000000000001,5000,0,4,2
10000,2.0,5.0,True,,1.0,0,249,-1,-1,9994,9686,10000,0.06,5000,0,2,3
10000,2.0,5.0,True,,1.0,0,249,-1,-1,9906,9605,10000,0.9400000000000001,5000,0,3,4
10000,2.0,10.0,True,,1.0,0,249,-1,-1,9721,9560,10000,2.79,5000,0,0,0
10000,2.0,10.0,True,,1.0,0,249,-1,-1,9816,9617,10000,1.8399999999999999,5000,0,2,1
10000,2.0,10.0,True,,1.0,0,249,-1,-1,9692,9692,10000,3.08,5000,0,0,2
10000,2.0,10.0,True,,1.0,0,249,-1,-1,9955,9889,10000,0.44999999999999996,5000,0,0,3
10000,2.0,10.0,True,,1.0,0,249,-1,-1,10106,9498,10000,1.06,5000,0,4,4
10000,5.0,1.0,False,,1.0,6,249,-1,-1,10278,10278,10000,2.78,5000,0,0,0
10000,5.0,1.0,False,,1.0,5,249,-1,-1,10096,10096,10000,0.96,5000,0,0,1
10000,5.0,1.0,False,,1.0,6,249,-1,-1,9833,9833,10000,1.67,5000,0,0,2
10000,5.0,1.0,False,,1.0,4,249,-1,-1,10073,9123,10000,0.73,5000,3,3,3
10000,5.0,1.0,False,,1.0,4,249,-1,-1,10683,10008,10000,6.83,5000,0,1,4
10000,5.0,5.0,True,,1.0,1,249,-1,-1,10617,10387,10000,6.17,5000,0,0,0
10000,5.0,5.0,True,,1.0,2,249,-1,-1,10081,10081,10000,0.8099999999999999,5000,0,0,1
10000,5.0,5.0,True,,1.0,0,249,-1,-1,9232,9232,10000,7.68,5000,0,0,2
10000,5.0,5.0,True,,1.0,0,249,-1,-1,9470,9470,10000,5.3,5000,0,0,3
10000,5.0,5.0,True,,1.0,7,249,-1,-1,9609,9427,10000,3.91,5000,0,1,4
10000,5.0,10.0,True,,1.0,1,249,-1,-1,10746,10033,10000,7.46,5000,0,1,0
10000,5.0,10.0,True,,1.0,0,249,-1,-1,9761,9522,10000,2.39,5000,0,2,1
10000,5.0,10.0,True,,1.0,3,249,-1,-1,9780,9459,10000,2.1999999999999997,5000,0,1,2
10000,5.0,10.0,True,,1.0,5,249,-1,-1,10239,9779,10000,2.39,5000,0,0,3
10000,5.0,10.0,True,,1.0,9,249,-1,-1,10079,9149,10000,0.79,5000,1,4,4
10000,10.0,1.0,False,,1.0,9,249,-1,-1,10470,8755,10000,4.7,5000,3,4,0
10000,10.0,1.0,False,,1.0,7,249,-1,-1,8541,8541,10000,14.59,5000,0,0,1
10000,10.0,1.0,False,,1.0,5,249,-1,-1,9675,8890,10000,3.25,5000,0,1,2
10000,10.0,1.0,False,,1.0,14,249,-1,-1,9979,9979,10000,0.21,5000,0,0,3
10000,10.0,1.0,False,,1.0,18,249,-1,-1,8999,7933,10000,10.01,5000,2,2,4
10000,10.0,5.0,True,,1.0,3,249,-1,-1,10669,9347,10000,6.69,5000,1,4,0
10000,10.0,5.0,True,,1.0,10,249,-1,-1,9577,8536,10000,4.2299999999999995,5000,1,1,1
10000,10.0,5.0,True,,1.0,0,249,-1,-1,9655,8962,10000,3.45,5000,0,2,2
10000,10.0,5.0,True,,1.0,1,249,-1,-1,9121,8328,10000,8.790000000000001,5000,0,1,3
10000,10.0,5.0,True,,1.0,16,249,-1,-1,9754,8970,10000,2.46,5000,0,2,4
10000,10.0,10.0,True,,1.0,4,249,-1,-1,9655,9301,10000,3.45,5000,0,1,0
10000,10.0,10.0,True,,1.0,1,249,-1,-1,10376,9248,10000,3.7600000000000002,5000,1,1,1
10000,10.0,10.0,True,,1.0,0,249,-1,-1,9643,8595,10000,3.5700000000000003,5000,1,1,2
10000,10.0,10.0,True,,1.0,2,249,-1,-1,9587,9266,10000,4.130000000000001,5000,0,0,3
10000,10.0,10.0,True,,1.0,0,249,-1,-1,9384,8660,10000,6.16,5000,0,3,4
10000,20.0,1.0,False,,1.0,5,249,-1,-1,10144,10144,10000,1.44,5000,0,0,0
10000,20.0,1.0,False,,1.0,9,249,-1,-1,8201,7369,10000,17.990000000000002,5000,2,3,1
10000,20.0,1.0,False,,1.0,29,249,-1,-1,11026,10077,10000,10.26,5000,0,3,2
10000,20.0,1.0,False,,1.0,6,249,-1,-1,6253,6253,10000,37.47,5000,0,0,3
10000,20.0,1.0,False,,1.0,12,249,-1,-1,7997,7997,10000,20.03,5000,0,0,4
10000,20.0,5.0,True,,1.0,2,249,-1,-1,8819,7101,10000,11.81,5000,2,2,0
10000,20.0,5.0,True,,1.0,20,249,-1,-1,6846,6846,10000,31.540000000000003,5000,0,0,1
10000,20.0,5.0,True,,1.0,20,249,-1,-1,8117,6448,10000,18.83,5000,2,2,2
10000,20.0,5.0,True,,1.0,0,249,-1,-1,6715,6715,10000,32.85,5000,0,0,3
10000,20.0,5.0,True,,1.0,1,249,-1,-1,9667,8616,10000,3.3300000000000005,5000,1,1,4
10000,20.0,10.0,True,,1.0,1,249,-1,-1,10752,10470,10000,7.5200000000000005,5000,0,0,0
10000,20.0,10.0,True,,1.0,8,249,-1,-1,11708,9017,10000,17.080000000000002,5000,3,4,1
10000,20.0,10.0,True,,1.0,3,249,-1,-1,7934,7934,10000,20.66,5000,0,0,2
10000,20.0,10.0,True,,1.0,5,249,-1,-1,8392,7231,10000,16.08,5000,1,2,3
10000,20.0,10.0,True,,1.0,2,249,-1,-1,9536,8499,10000,4.64,5000,1,1,4
50000,0.0,1.0,False,,1.0,4,249,-1,-1,50000,50000,50000,0.0,5000,0,0,0
50000,0.0,1.0,False,,1.0,4,249,-1,-1,50000,50000,50000,0.0,5000,0,0,1
50000,0.0,1.0,False,,1.0,4,249,-1,-1,50000,50000,50000,0.0,5000,0,0,2
50000,0.0,1.0,False,,1.0,4,249,-1,-1,50000,50000,50000,0.0,5000,0,0,3
50000,0.0,1.0,False,,1.0,4,249,-1,-1,50000,50000,50000,0.0,5000,0,0,4
50000,0.0,5.0,True,,1.0,0,249,-1,-1,50000,50000,50000,0.0,5000,0,0,0
50000,0.0,5.0,True,,1.0,0,249,-1,-1,50000,50000,50000,0.0,5000,0,0,1
50000,0.0,5.0,True,,1.0,0,249,-1,-1,50000,50000,50000,0.0,5000,0,0,2
50000,0.0,5.0,True,,1.0,0,249,-1,-1,50000,50000,50000,0.0,5000,0,0,3
50000,0.0,5.0,True,,1.0,0,249,-1,-1,50000,50000,50000,0.0,5000,0,0,4
50000,0.0,10.0,True,,1.0,0,249,-1,-1,50000,50000,50000,0.0,5000,0,0,0
50000,0.0,10.0,True,,1.0,0,249,-1,-1,50000,50000,50000,0.0,5000,0,0,1
50000,0.0,10.0,True,,1.0,0,249,-1,-1,50000,50000,50000,0.0,5000,0,0,2
50000,0.0,10.0,True,,1.0,0,249,-1,-1,50000,50000,50000,0.0,5000,0,0,3
50000,0.0,10.0,True,,1.0,0,249,-1,-1,50000,50000,50000,0.0,5000,0,0,4
50000,0.5,1.0,False,,1.0,4,249,-1,-1,50325,49118,50000,0.65,5000,0,0,0
50000,0.5,1.0,False,,1.0,4,249,-1,-1,49806,49125,50000,0.388,5000,0,0,1
50000,0.5,1.0,False,,1.0,4,249,-1,-1,50001,49062,50000,0.002,5000,0,0,2
50000,0.5,1.0,False,,1.0,4,249,-1,-1,49841,49160,50000,0.318,5000,0,0,3
50000,0.5,1.0,False,,1.0,4,249,-1,-1,49947,49094,50000,0.106,5000,0,0,4
50000,0.5,5.0,True,,1.0,0,249,-1,-1,50098,49010,50000,0.196,5000,0,0,0
50000,0.5,5.0,True,,1.0,0,249,-1,-1,49681,49090,50000,0.638,5000,0,0,1
50000,0.5,5.0,True,,1.0,0,249,-1,-1,50256,49005,50000,0.512,5000,0,0,2
50000,0.5,5.0,True,,1.0,0,249,-1,-1,49826,48962,50000,0.348,5000,0,0,3
50000,0.5,5.0,True,,1.0,0,249,-1,-1,49838,48922,50000,0.32399999999999995,5000,0,0,4
50000,0.5,10.0,True,,1.0,0,249,-1,-1,49974,48929,50000,0.052,5000,0,0,0
50000,0.5,10.0,True,,1.0,0,249,-1,-1,49955,49125,50000,0.09,5000,0,0,1
50000,0.5,10.0,True,,1.0,0,249,-1,-1,50176,49137,50000,0.35200000000000004,5000,0,0,2
50000,0.5,10.0,True,,1.0,0,249,-1,-1,50227,49078,50000,0.45399999999999996,5000,0,0,3
50000,0.5,10.0,True,,1.0,0,249,-1,-1,49878,49100,50000,0.244,5000,0,0,4
50000,1.0,1.0,False,,1.0,4,249,-1,-1,50241,48628,50000,0.482,5000,0,4,0
50000,1.0,1.0,False,,1.0,4,249,-1,-1,50818,48386,50000,1.636,5000,0,3,1
50000,1.0,1.0,False,,1.0,4,249,-1,-1,49991,48785,50000,0.018000000000000002,5000,0,2,2
50000,1.0,1.0,False,,1.0,4,249,-1,-1,49764,49566,50000,0.47200000000000003,5000,0,0,3
50000,1.0,1.0,False,,1.0,5,249,-1,-1,50248,48387,50000,0.496,5000,0,4,4
50000,1.0,5.0,True,,1.0,0,249,-1,-1,49871,49410,50000,0.258,5000,0,0,0
50000,1.0,5.0,True,,1.0,0,249,-1,-1,49282,48406,50000,1.436,5000,0,4,1
50000,1.0,5.0,True,,1.0,0,249,-1,-1,50150,48844,50000,0.3,5000,0,0,2
50000,1.0,5.0,True,,1.0,0,249,-1,-1,50213,48696,50000,0.426,5000,0,1,3
50000,1.0,5.0,True,,1.0,0,249,-1,-1,50530,48927,50000,1.06,5000,0,1,4
50000,1.0,10.0,True,,1.0,0,249,-1,-1,50314,49188,50000,0.628,5000,0,0,0
50000,1.0,10.0,True,,1.0,0,249,-1,-1,48891,48891,50000,2.218,5000,0,0,1
50000,1.0,10.0,True,,1.0,0,249,-1,-1,49293,48515,50000,1.414,5000,0,1,2
50000,1.0,10.0,True,,1.0,0,249,-1,-1,49104,48530,50000,1.7919999999999998,5000,0,1,3
50000,1.0,10.0,True,,1.0,0,249,-1,-1,49220,48712,50000,1.5599999999999998,5000,0,0,4
50000,2.0,1.0,False,,1.0,4,249,-1,-1,50453,48511,50000,0.906,5000,0,0,0
50000,2.0,1.0,False,,1.0,4,249,-1,-1,48775,48554,50000,2.45,5000,0,0,1
50000,2.0,1.0,False,,1.0,4,249,-1,-1,49230,49230,50000,1.54,5000,0,0,2
50000,2.0,1.0,False,,1.0,4,249,-1,-1,51993,48398,50000,3.9859999999999998,5000,0,3,3
50000,2.0,1.0,False,,1.0,4,249,-1,-1,49970,48763,50000,0.06,5000,0,2,4
50000,2.0,5.0,True,,1.0,0,249,-1,-1,49658,49338,50000,0.6839999999999999,5000,0,0,0
50000,2.0,5.0,True,,1.0,2,249,-1,-1,49846,47924,50000,0.308,5000,0,3,1
50000,2.0,5.0,True,,1.0,0,249,-1,-1,50835,47720,50000,1.67,5000,0,2,2
50000,2.0,5.0,True,,1.0,0,249,-1,-1,50579,48325,50000,1.158,5000,0,3,3
50000,2.0,5.0,True,,1.0,0,249,-1,-1,51184,49344,50000,2.368,5000,0,0,4
50000,2.0,10.0,True,,1.0,0,249,-1,-1,48894,48212,50000,2.212,5000,0,3,0
50000,2.0,10.0,True,,1.0,0,249,-1,-1,50767,48441,50000,1.534,5000,0,2,1
50000,2.0,10.0,True,,1.0,0,249,-1,-1,50377,48850,50000,0.754,5000,0,2,2
50000,2.0,10.0,True,,1.0,1,249,-1,-1,48872,47980,50000,2.2560000000000002,5000,0,4,3
50000,2.0,10.0,True,,1.0,0,249,-1,-1,50426,47912,50000,0.852,5000,0,4,4
50000,5.0,1.0,False,,1.0,11,249,-1,-1,44143,44143,50000,11.713999999999999,5000,0,0,0
50000,5.0,1.0,False,,1.0,6,249,-1,-1,48518,46965,50000,2.964,5000,0,2,1
50000,5.0,1.0,False,,1.0,7,249,-1,-1,48979,47587,50000,2.0420000000000003,5000,0,1,2
50000,5.0,1.0,False,,1.0,5,249,-1,-1,48479,47485,50000,3.042,5000,0,1,3
50000,5.0,1.0,False,,1.0,4,249,-1,-1,52601,49118,50000,5.202,5000,0,1,4
50000,5.0,5.0,True,,1.0,2,249,-1,-1,49980,49980,50000,0.04,5000,0,0,0
50000,5.0,5.0,True,,1.0,7,249,-1,-1,49156,49156,50000,1.688,5000,0,0,1
50000,5.0,5.0,True,,1.0,2,249,-1,-1,49263,48552,50000,1.474,5000,0,1,2
50000,5.0,5.0,True,,1.0,0,249,-1,-1,52141,48848,50000,4.282,5000,0,1,3
50000,5.0,5.0,True,,1.0,0,249,-1,-1,51727,48051,50000,3.454,5000,0,1,4
50000,5.0,10.0,True,,1.0,2,249,-1,-1,50778,47909,50000,1.5559999999999998,5000,0,1,0
50000,5.0,10.0,True,,1.0,5,249,-1,-1,45682,44852,50000,8.636000000000001,5000,0,4,1
50000,5.0,10.0,True,,1.0,1,249,-1,-1,51662,48075,50000,3.324,5000,0,2,2
50000,5.0,10.0,True,,1.0,1,249,-1,-1,49762,49762,50000,0.47600000000000003,5000,0,0,3
50000,5.0,10.0,True,,1.0,9,249,-1,-1,51220,48864,50000,2.44,5000,0,0,4
50000,10.0,1.0,False,,1.0,9,249,-1,-1,49802,42818,50000,0.396,5000,2,2,0
50000,10.0,1.0,False,,1.0,7,249,-1,-1,56597,56597,50000,13.194,5000,0,0,1
50000,10.0,1.0,False,,1.0,20,249,-1,-1,50072,47734,50000,0.14400000000000002,5000,0,2,2
50000,10.0,1.0,False,,1.0,7,249,-1,-1,44491,44491,50000,11.018,5000,0,0,3
50000,10.0,1.0,False,,1.0,6,249,-1,-1,53994,44288,50000,7.988,5000,1,2,4
50000,10.0,5.0,True,,1.0,0,249,-1,-1,48162,47318,50000,3.676,5000,0,0,0
50000,10.0,5.0,True,,1.0,1,249,-1,-1,47991,47221,50000,4.018,5000,0,2,1
50000,10.0,5.0,True,,1.0,0,249,-1,-1,45851,45851,50000,8.298,5000,0,0,2
50000,10.0,5.0,True,,1.0,7,249,-1,-1,52941,50885,50000,5.882,5000,0,0,3
50000,10.0,5.0,True,,1.0,1,249,-1,-1,46284,46284,50000,7.4319999999999995,5000,0,0,4
50000,10.0,10.0,True,,1.0,1,249,-1,-1,55990,49184,50000,11.98,5000,1,3,0
50000,10.0,10.0,True,,1.0,2,249,-1,-1,49804,44389,50000,0.392,5000,1,1,1
50000,10.0,10.0,True,,1.0,6,249,-1,-1,49733,42376,50000,0.534,5000,2,4,2
50000,10.0,10.0,True,,1.0,0,249,-1,-1,53678,47842,50000,7.356,5000,1,1,3
50000,10.0,10.0,True,,1.0,2,249,-1,-1,56940,50868,50000,13.88,5000,1,1,4
50000,20.0,1.0,False,,1.0,27,249,-1,-1,43440,38717,50000,13.120000000000001,5000,1,1,0
50000,20.0,1.0,False,,1.0,65,249,-1,-1,31350,31350,50000,37.3,5000,0,0,1
50000,20.0,1.0,False,,1.0,20,249,-1,-1,48574,46240,50000,2.852,5000,0,2,2
50000,20.0,1.0,False,,1.0,32,249,-1,-1,43007,43007,50000,13.986,5000,0,0,3
50000,20.0,1.0,False,,1.0,9,249,-1,-1,42504,42504,50000,14.991999999999999,5000,0,0,4
50000,20.0,5.0,True,,1.0,4,249,-1,-1,47633,45594,50000,4.734,5000,0,0,0
50000,20.0,5.0,True,,1.0,7,249,-1,-1,35657,35657,50000,28.686,5000,0,0,1
50000,20.0,5.0,True,,1.0,3,249,-1,-1,52238,49215,50000,4.476,5000,0,3,2
50000,20.0,5.0,True,,1.0,12,249,-1,-1,48279,48279,50000,3.4419999999999997,5000,0,0,3
50000,20.0,5.0,True,,1.0,4,249,-1,-1,45710,39483,50000,8.58,5000,2,2,4
50000,20.0,10.0,True,,1.0,27,249,-1,-1,48982,43957,50000,2.036,5000,1,1,0
50000,20.0,10.0,True,,1.0,8,249,-1,-1,56103,54894,50000,12.206,5000,0,0,1
50000,20.0,10.0,True,,1.0,0,249,-1,-1,55544,44360,50000,11.088000000000001,5000,2,2,2
50000,20.0,10.0,True,,1.0,0,249,-1,-1,47678,42494,50000,4.644,5000,1,1,3
50000,20.0,10.0,True,,1.0,13,249,-1,-1,45138,35856,50000,9.724,5000,2,2,4
100000,0.0,1.0,False,,1.0,4,249,-1,-1,100000,100000,100000,0.0,5000,0,0,0
100000,0.0,1.0,False,,1.0,4,249,-1,-1,100000,100000,100000,0.0,5000,0,0,1
100000,0.0,1.0,False,,1.0,4,249,-1,-1,100000,100000,100000,0.0,5000,0,0,2
100000,0.0,1.0,False,,1.0,4,249,-1,-1,100000,100000,100000,0.0,5000,0,0,3
100000,0.0,1.0,False,,1.0,4,249,-1,-1,100000,100000,100000,0.0,5000,0,0,4
100000,0.0,5.0,True,,1.0,0,249,-1,-1,100000,100000,100000,0.0,5000,0,0,0
100000,0.0,5.0,True,,1.0,0,249,-1,-1,100000,100000,100000,0.0,5000,0,0,1
100000,0.0,5.0,True,,1.0,0,249,-1,-1,100000,100000,100000,0.0,5000,0,0,2
100000,0.0,5.0,True,,1.0,0,249,-1,-1,100000,100000,100000,0.0,5000,0,0,3
100000,0.0,5.0,True,,1.0,0,249,-1,-1,100000,100000,100000,0.0,5000,0,0,4
100000,0.0,10.0,True,,1.0,0,249,-1,-1,100000,100000,100000,0.0,5000,0,0,0
100000,0.0,10.0,True,,1.0,0,249,-1,-1,100000,100000,100000,0.0,5000,0,0,1
100000,0.0,10.0,True,,1.0,0,249,-1,-1,100000,100000,100000,0.0,5000,0,0,2
100000,0.0,10.0,True,,1.0,0,249,-1,-1,100000,100000,100000,0.0,5000,0,0,3
100000,0.0,10.0,True,,1.0,0,249,-1,-1,100000,100000,100000,0.0,5000,0,0,4
100000,0.5,1.0,False,,1.0,4,249,-1,-1,99804,98197,100000,0.196,5000,0,0,0
100000,0.5,1.0,False,,1.0,4,249,-1,-1,100203,98125,100000,0.203,5000,0,0,1
100000,0.5,1.0,False,,1.0,4,249,-1,-1,100346,98259,100000,0.346,5000,0,0,2
100000,0.5,1.0,False,,1.0,4,249,-1,-1,100502,98172,100000,0.502,5000,0,0,3
100000,0.5,1.0,False,,1.0,4,249,-1,-1,100513,97945,100000,0.513,5000,0,0,4
100000,0.5,5.0,True,,1.0,0,249,-1,-1,100217,98032,100000,0.217,5000,0,0,0
100000,0.5,5.0,True,,1.0,0,249,-1,-1,99382,98337,100000,0.618,5000,0,0,1
100000,0.5,5.0,True,,1.0,0,249,-1,-1,100772,98261,100000,0.772,5000,0,0,2
100000,0.5,5.0,True,,1.0,0,249,-1,-1,99743,98003,100000,0.257,5000,0,0,3
100000,0.5,5.0,True,,1.0,0,249,-1,-1,99652,98092,100000,0.348,5000,0,0,4
100000,0.5,10.0,True,,1.0,0,249,-1,-1,98739,98043,100000,1.261,5000,0,0,0
100000,0.5,10.0,True,,1.0,0,249,-1,-1,99801,98048,100000,0.199,5000,0,0,1
100000,0.5,10.0,True,,1.0,0,249,-1,-1,100325,98135,100000,0.325,5000,0,0,2
100000,0.5,10.0,True,,1.0,0,249,-1,-1,99470,98059,100000,0.53,5000,0,0,3
100000,0.5,10.0,True,,1.0,0,249,-1,-1,100029,98127,100000,0.029,5000,0,0,4
100000,1.0,1.0,False,,1.0,4,249,-1,-1,98597,97829,100000,1.403,5000,0,0,0
100000,1.0,1.0,False,,1.0,4,249,-1,-1,98831,97588,100000,1.169,5000,0,1,1
100000,1.0,1.0,False,,1.0,4,249,-1,-1,100304,97485,100000,0.304,5000,0,0,2
100000,1.0,1.0,False,,1.0,4,249,-1,-1,96938,96938,100000,3.0620000000000003,5000,0,0,3
100000,1.0,1.0,False,,1.0,4,249,-1,-1,99303,97198,100000,0.697,5000,0,1,4
100000,1.0,5.0,True,,1.0,0,249,-1,-1,99532,97096,100000,0.468,5000,0,1,0
100000,1.0,5.0,True,,1.0,0,249,-1,-1,99493,97434,100000,0.507,5000,0,2,1
100000,1.0,5.0,True,,1.0,0,249,-1,-1,100284,97151,100000,0.28400000000000003,5000,0,3,2
100000,1.0,5.0,True,,1.0,0,249,-1,-1,99479,96893,100000,0.521,5000,0,4,3
100000,1.0,5.0,True,,1.0,0,249,-1,-1,99334,97059,100000,0.666,5000,0,0,4
100000,1.0,10.0,True,,1.0,0,249,-1,-1,98958,97564,100000,1.042,5000,0,2,0
100000,1.0,10.0,True,,1.0,0,249,-1,-1,100895,97424,100000,0.895,5000,0,1,1
100000,1.0,10.0,True,,1.0,0,249,-1,-1,99344,97537,100000,0.656,5000,0,0,2
100000,1.0,10.0,True,,1.0,1,249,-1,-1,98926,98452,100000,1.0739999999999998,5000,0,0,3
100000,1.0,10.0,True,,1.0,0,249,-1,-1,98935,98933,100000,1.065,5000,0,0,4
100000,2.0,1.0,False,,1.0,4,249,-1,-1,96355,96355,100000,3.6450000000000005,5000,0,0,0
100000,2.0,1.0,False,,1.0,4,249,-1,-1,98694,95963,100000,1.306,5000,0,2,1
100000,2.0,1.0,False,,1.0,4,249,-1,-1,98518,95273,100000,1.482,5000,0,4,2
100000,2.0,1.0,False,,1.0,4,249,-1,-1,98345,95526,100000,1.6549999999999998,5000,0,3,3
100000,2.0,1.0,False,,1.0,5,249,-1,-1,102071,96929,100000,2.0709999999999997,5000,0,1,4
100000,2.0,5.0,True,,1.0,1,249,-1,-1,98538,96730,100000,1.462,5000,0,0,0
100000,2.0,5.0,True,,1.0,1,249,-1,-1,99119,96880,100000,0.881,5000,0,2,1
100000,2.0,5.0,True,,1.0,0,249,-1,-1,97533,97533,100000,2.467,5000,0,0,2
100000,2.0,5.0,True,,1.0,0,249,-1,-1,98966,96654,100000,1.034,5000,0,1,3
100000,2.0,5.0,True,,1.0,0,249,-1,-1,100373,97145,100000,0.373,5000,0,0,4
100000,2.0,10.0,True,,1.0,2,249,-1,-1,97220,94735,100000,2.78,5000,0,4,0
100000,2.0,10.0,True,,1.0,0,249,-1,-1,102243,97155,100000,2.243,5000,0,3,1
100000,2.0,10.0,True,,1.0,2,249,-1,-1,98950,96177,100000,1.05,5000,0,4,2
100000,2.0,10.0,True,,1.0,0,249,-1,-1,97959,95867,100000,2.041,5000,0,1,3
100000,2.0,10.0,True,,1.0,0,249,-1,-1,97270,93978,100000,2.73,5000,0,2,4
100000,5.0,1.0,False,,1.0,8,249,-1,-1,102758,92406,100000,2.758,5000,2,4,0
100000,5.0,1.0,False,,1.0,11,249,-1,-1,100405,97017,100000,0.40499999999999997,5000,0,1,1
100000,5.0,1.0,False,,1.0,10,249,-1,-1,94935,94568,100000,5.065,5000,0,0,2
100000,5.0,1.0,False,,1.0,9,249,-1,-1,98651,98651,100000,1.349,5000,0,0,3
100000,5.0,1.0,False,,1.0,4,249,-1,-1,100659,91037,100000,0.659,5000,1,3,4
100000,5.0,5.0,True,,1.0,8,249,-1,-1,98463,98463,100000,1.537,5000,0,0,0
100000,5.0,5.0,True,,1.0,4,249,-1,-1,102302,88005,100000,2.302,5000,2,2,1
100000,5.0,5.0,True,,1.0,2,249,-1,-1,93589,93518,100000,6.411,5000,0,1,2
100000,5.0,5.0,True,,1.0,0,249,-1,-1,104573,92380,100000,4.573,5000,2,2,3
100000,5.0,5.0,True,,1.0,2,249,-1,-1,106424,97515,100000,6.424,5000,0,3,4
100000,5.0,10.0,True,,1.0,1,249,-1,-1,106770,92963,100000,6.77,5000,1,2,0
100000,5.0,10.0,True,,1.0,3,249,-1,-1,100969,100600,100000,0.9690000000000001,5000,0,1,1
100000,5.0,10.0,True,,1.0,1,249,-1,-1,108823,108823,100000,8.823,5000,0,0,2
100000,5.0,10.0,True,,1.0,3,249,-1,-1,95375,92487,100000,4.625,5000,0,4,3
100000,5.0,10.0,True,,1.0,0,249,-1,-1,101891,98484,100000,1.891,5000,0,1,4
100000,10.0,1.0,False,,1.0,10,249,-1,-1,89005,89005,100000,10.995000000000001,5000,0,0,0
100000,10.0,1.0,False,,1.0,5,249,-1,-1,94576,79268,100000,5.4239999999999995,5000,2,2,1
100000,10.0,1.0,False,,1.0,5,249,-1,-1,94034,83886,100000,5.966,5000,2,3,2
100000,10.0,1.0,False,,1.0,8,249,-1,-1,87774,82909,100000,12.225999999999999,5000,0,2,3
100000,10.0,1.0,False,,1.0,24,249,-1,-1,88570,88570,100000,11.43,5000,0,0,4
100000,10.0,5.0,True,,1.0,0,249,-1,-1,89830,87062,100000,10.17,5000,0,0,0
100000,10.0,5.0,True,,1.0,10,249,-1,-1,94986,94986,100000,5.013999999999999,5000,0,0,1
100000,10.0,5.0,True,,1.0,2,249,-1,-1,99236,94524,100000,0.764,5000,0,0,2
100000,10.0,5.0,True,,1.0,5,249,-1,-1,96430,91280,100000,3.5700000000000003,5000,0,3,3
100000,10.0,5.0,True,,1.0,1,249,-1,-1,85311,85311,100000,14.689,5000,0,0,4
100000,10.0,10.0,True,,1.0,5,249,-1,-1,103811,87703,100000,3.811,5000,2,2,0
100000,10.0,10.0,True,,1.0,0,249,-1,-1,90870,89859,100000,9.13,5000,0,1,1
100000,10.0,10.0,True,,1.0,11,249,-1,-1,97102,91013,100000,2.8979999999999997,5000,0,1,2
100000,10.0,10.0,True,,1.0,3,249,-1,-1,89350,86440,100000,10.65,5000,0,2,3
100000,10.0,10.0,True,,1.0,5,249,-1,-1,99106,98539,100000,0.894,5000,0,0,4
100000,20.0,1.0,False,,1.0,5,249,-1,-1,98676,98676,100000,1.324,5000,0,0,0
100000,20.0,1.0,False,,1.0,31,249,-1,-1,90312,67362,100000,9.687999999999999,5000,3,3,1
100000,20.0,1.0,False,,1.0,4,249,-1,-1,113678,87250,100000,13.678,5000,2,4,2
100000,20.0,1.0,False,,1.0,25,249,-1,-1,77337,77337,100000,22.663,5000,0,0,3
100000,20.0,1.0,False,,1.0,7,249,-1,-1,102775,99518,100000,2.775,5000,0,0,4
100000,20.0,5.0,True,,1.0,0,249,-1,-1,80187,80187,100000,19.813,5000,0,0,0
100000,20.0,5.0,True,,1.0,37,249,-1,-1,86934,77482,100000,13.065999999999999,5000,1,1,1
100000,20.0,5.0,True,,1.0,6,249,-1,-1,100211,82909,100000,0.211,5000,3,3,2
100000,20.0,5.0,True,,1.0,2,249,-1,-1,87328,77395,100000,12.672,5000,3,3,3
100000,20.0,5.0,True,,1.0,5,249,-1,-1,95831,79365,100000,4.169,5000,1,4,4
100000,20.0,10.0,True,,1.0,20,249,-1,-1,83862,74744,100000,16.137999999999998,5000,1,1,0
100000,20.0,10.0,True,,1.0,2,249,-1,-1,64160,64160,100000,35.839999999999996,5000,0,0,1
100000,20.0,10.0,True,,1.0,0,249,-1,-1,102632,72662,100000,2.632,5000,3,3,2
100000,20.0,10.0,True,,1.0,0,249,-1,-1,81204,81204,100000,18.796,5000,0,0,3
100000,20.0,10.0,True,,1.0,13,249,-1,-1,98166,83806,100000,1.8339999999999999,5000,2,2,4
500000,0.0,1.0,False,,1.0,4,249,-1,-1,500000,500000,500000,0.0,5000,0,0,0
500000,0.0,1.0,False,,1.0,4,249,-1,-1,500000,500000,500000,0.0,5000,0,0,1
500000,0.0,1.0,False,,1.0,4,249,-1,-1,500000,500000,500000,0.0,5000,0,0,2
500000,0.0,1.0,False,,1.0,4,249,-1,-1,500000,500000,500000,0.0,5000,0,0,3
500000,0.0,1.0,False,,1.0,4,249,-1,-1,500000,500000,500000,0.0,5000,0,0,4
500000,0.0,5.0,True,,1.0,0,249,-1,-1,500000,500000,500000,0.0,5000,0,0,0
500000,0.0,5.0,True,,1.0,0,249,-1,-1,500000,500000,500000,0.0,5000,0,0,1
500000,0.0,5.0,True,,1.0,0,249,-1,-1,500000,500000,500000,0.0,5000,0,0,2
500000,0.0,5.0,True,,1.0,0,249,-1,-1,500000,500000,500000,0.0,5000,0,0,3
500000,0.0,5.0,True,,1.0,0,249,-1,-1,500000,500000,500000,0.0,5000,0,0,4
500000,0.0,10.0,True,,1.0,0,249,-1,-1,500000,500000,500000,0.0,5000,0,0,0
500000,0.0,10.0,True,,1.0,0,249,-1,-1,500000,500000,500000,0.0,5000,0,0,1
500000,0.0,10.0,True,,1.0,0,249,-1,-1,500000,500000,500000,0.0,5000,0,0,2
500000,0.0,10.0,True,,1.0,0,249,-1,-1,500000,500000,500000,0.0,5000,0,0,3
500000,0.0,10.0,True,,1.0,0,249,-1,-1,500000,500000,500000,0.0,5000,0,0,4
500000,0.5,1.0,False,,1.0,4,249,-1,-1,500252,490856,500000,0.0504,5000,0,0,0
500000,0.5,1.0,False,,1.0,4,249,-1,-1,499740,490390,500000,0.052,5000,0,0,1
500000,0.5,1.0,False,,1.0,4,249,-1,-1,504603,491410,500000,0.9206000000000001,5000,0,0,2
500000,0.5,1.0,False,,1.0,4,249,-1,-1,504070,492273,500000,0.814,5000,0,0,3
500000,0.5,1.0,False,,1.0,4,249,-1,-1,498912,490940,500000,0.2176,5000,0,0,4
500000,0.5,5.0,True,,1.0,0,249,-1,-1,503236,490926,500000,0.6472,5000,0,0,0
500000,0.5,5.0,True,,1.0,0,249,-1,-1,494579,490426,500000,1.0841999999999998,5000,0,0,1
500000,0.5,5.0,True,,1.0,0,249,-1,-1,501708,491581,500000,0.3416,5000,0,0,2
500000,0.5,5.0,True,,1.0,0,249,-1,-1,503768,490485,500000,0.7536,5000,0,0,3
500000,0.5,5.0,True,,1.0,0,249,-1,-1,500643,491856,500000,0.1286,5000,0,0,4
500000,0.5,10.0,True,,1.0,0,249,-1,-1,501627,491270,500000,0.3254,5000,0,0,0
500000,0.5,10.0,True,,1.0,0,249,-1,-1,501741,491527,500000,0.3482,5000,0,0,1
500000,0.5,10.0,True,,1.0,0,249,-1,-1,499787,491243,500000,0.0426,5000,0,0,2
500000,0.5,10.0,True,,1.0,0,249,-1,-1,503620,490859,500000,0.724,5000,0,0,3
500000,0.5,10.0,True,,1.0,0,249,-1,-1,504278,490592,500000,0.8555999999999999,5000,0,0,4
500000,1.0,1.0,False,,1.0,4,249,-1,-1,497376,491836,500000,0.5248,5000,0,0,0
500000,1.0,1.0,False,,1.0,4,249,-1,-1,504097,496051,500000,0.8194,5000,0,0,1
500000,1.0,1.0,False,,1.0,4,249,-1,-1,500850,487360,500000,0.16999999999999998,5000,0,1,2
500000,1.0,1.0,False,,1.0,4,249,-1,-1,498866,485357,500000,0.2268,5000,0,1,3
500000,1.0,1.0,False,,1.0,4,249,-1,-1,498080,486774,500000,0.384,5000,0,4,4
500000,1.0,5.0,True,,1.0,0,249,-1,-1,494918,488960,500000,1.0164,5000,0,0,0
500000,1.0,5.0,True,,1.0,0,249,-1,-1,506316,487832,500000,1.2632,5000,0,0,1
500000,1.0,5.0,True,,1.0,0,249,-1,-1,502638,485664,500000,0.5276000000000001,5000,0,2,2
500000,1.0,5.0,True,,1.0,0,249,-1,-1,505979,484300,500000,1.1958,5000,0,3,3
500000,1.0,5.0,True,,1.0,0,249,-1,-1,506085,488718,500000,1.217,5000,0,0,4
500000,1.0,10.0,True,,1.0,0,249,-1,-1,509292,487753,500000,1.8584,5000,0,0,0
500000,1.0,10.0,True,,1.0,0,249,-1,-1,497193,487564,500000,0.5614,5000,0,3,1
500000,1.0,10.0,True,,1.0,0,249,-1,-1,493748,486236,500000,1.2504,5000,0,1,2
500000,1.0,10.0,True,,1.0,0,249,-1,-1,498839,489144,500000,0.2322,5000,0,0,3
500000,1.0,10.0,True,,1.0,0,249,-1,-1,490993,483659,500000,1.8014,5000,0,3,4
500000,2.0,1.0,False,,1.0,5,249,-1,-1,492024,483788,500000,1.5952000000000002,5000,0,3,0
500000,2.0,1.0,False,,1.0,4,249,-1,-1,491377,482151,500000,1.7246000000000001,5000,0,3,1
500000,2.0,1.0,False,,1.0,5,249,-1,-1,500870,500870,500000,0.174,5000,0,0,2
500000,2.0,1.0,False,,1.0,6,249,-1,-1,520052,520052,500000,4.0104,5000,0,0,3
500000,2.0,1.0,False,,1.0,5,249,-1,-1,526086,482035,500000,5.2172,5000,0,2,4
500000,2.0,5.0,True,,1.0,0,249,-1,-1,500288,489821,500000,0.0576,5000,0,2,0
500000,2.0,5.0,True,,1.0,0,249,-1,-1,484627,474488,500000,3.0745999999999998,5000,0,4,1
500000,2.0,5.0,True,,1.0,1,249,-1,-1,498409,498068,500000,0.3182,5000,0,0,2
500000,2.0,5.0,True,,1.0,0,249,-1,-1,504249,487901,500000,0.8498,5000,0,0,3
500000,2.0,5.0,True,,1.0,0,249,-1,-1,482763,482763,500000,3.4473999999999996,5000,0,0,4
500000,2.0,10.0,True,,1.0,1,249,-1,-1,503208,480676,500000,0.6416,5000,0,1,0
500000,2.0,10.0,True,,1.0,1,249,-1,-1,500772,487379,500000,0.1544,5000,0,0,1
500000,2.0,10.0,True,,1.0,0,249,-1,-1,504419,488858,500000,0.8838,5000,0,1,2
500000,2.0,10.0,True,,1.0,1,249,-1,-1,480328,480328,500000,3.9343999999999997,5000,0,0,3
500000,2.0,10.0,True,,1.0,2,249,-1,-1,503407,493347,500000,0.6814,5000,0,0,4
500000,5.0,1.0,False,,1.0,5,249,-1,-1,515450,495285,500000,3.09,5000,0,0,0
500000,5.0,1.0,False,,1.0,8,249,-1,-1,536112,480605,500000,7.2223999999999995,5000,1,1,1
500000,5.0,1.0,False,,1.0,5,249,-1,-1,490859,447350,500000,1.8282,5000,0,3,2
500000,5.0,1.0,False,,1.0,6,249,-1,-1,433831,433831,500000,13.2338,5000,0,0,3
500000,5.0,1.0,False,,1.0,5,249,-1,-1,516957,516957,500000,3.3914,5000,0,0,4
500000,5.0,5.0,True,,1.0,0,249,-1,-1,504019,504019,500000,0.8038,5000,0,0,0
500000,5.0,5.0,True,,1.0,9,249,-1,-1,493877,481916,500000,1.2246,5000,0,2,1
500000,5.0,5.0,True,,1.0,1,249,-1,-1,495152,459021,500000,0.9696,5000,0,2,2
500000,5.0,5.0,True,,1.0,0,249,-1,-1,524617,420462,500000,4.9234,5000,2,2,3
500000,5.0,5.0,True,,1.0,3,249,-1,-1,498407,455819,500000,0.3186,5000,0,3,4
500000,5.0,10.0,True,,1.0,4,249,-1,-1,478800,478800,500000,4.24,5000,0,0,0
500000,5.0,10.0,True,,1.0,4,249,-1,-1,520046,446675,500000,4.0092,5000,3,3,1
500000,5.0,10.0,True,,1.0,1,249,-1,-1,452911,452911,500000,9.4178,5000,0,0,2
500000,5.0,10.0,True,,1.0,0,249,-1,-1,498954,498954,500000,0.2092,5000,0,0,3
500000,5.0,10.0,True,,1.0,1,249,-1,-1,493701,459405,500000,1.2598,5000,0,4,4
500000,10.0,1.0,False,,1.0,4,249,-1,-1,495760,442576,500000,0.848,5000,1,4,0
500000,10.0,1.0,False,,1.0,14,249,-1,-1,437724,437724,500000,12.4552,5000,0,0,1
500000,10.0,1.0,False,,1.0,7,249,-1,-1,512583,456848,500000,2.5166,5000,1,1,2
500000,10.0,1.0,False,,1.0,5,249,-1,-1,446229,425023,500000,10.754199999999999,5000,0,4,3
500000,10.0,1.0,False,,1.0,7,249,-1,-1,462484,409280,500000,7.5032000000000005,5000,3,3,4
500000,10.0,5.0,True,,1.0,7,249,-1,-1,550894,445309,500000,10.1788,5000,3,3,0
500000,10.0,5.0,True,,1.0,4,249,-1,-1,435570,435570,500000,12.886000000000001,5000,0,0,1
500000,10.0,5.0,True,,1.0,1,249,-1,-1,399921,399921,500000,20.0158,5000,0,0,2
500000,10.0,5.0,True,,1.0,5,249,-1,-1,519551,519551,500000,3.9101999999999997,5000,0,0,3
500000,10.0,5.0,True,,1.0,8,249,-1,-1,511819,413810,500000,2.3638,5000,2,2,4
500000,10.0,10.0,True,,1.0,4,249,-1,-1,446932,446932,500000,10.6136,5000,0,0,0
500000,10.0,10.0,True,,1.0,4,249,-1,-1,460632,460632,500000,7.8736,5000,0,0,1
500000,10.0,10.0,True,,1.0,1,249,-1,-1,376813,363785,500000,24.6374,5000,0,2,2
500000,10.0,10.0,True,,1.0,0,249,-1,-1,454360,446604,500000,9.128,5000,0,2,3
500000,10.0,10.0,True,,1.0,3,249,-1,-1,517834,517834,500000,3.5667999999999997,5000,0,0,4
500000,20.0,1.0,False,,1.0,19,249,-1,-1,446002,383443,500000,10.7996,5000,3,3,0
500000,20.0,1.0,False,,1.0,8,249,-1,-1,409691,344736,500000,18.0618,5000,1,2,1
500000,20.0,1.0,False,,1.0,70,249,-1,-1,474488,474488,500000,5.1024,5000,0,0,2
500000,20.0,1.0,False,,1.0,7,249,-1,-1,575656,570733,500000,15.1312,5000,0,1,3
500000,20.0,1.0,False,,1.0,23,249,-1,-1,345767,345767,500000,30.846600000000002,5000,0,0,4
500000,20.0,5.0,True,,1.0,3,249,-1,-1,496760,496760,500000,0.6479999999999999,5000,0,0,0
500000,20.0,5.0,True,,1.0,1,249,-1,-1,580089,428286,500000,16.017799999999998,5000,3,3,1
500000,20.0,5.0,True,,1.0,14,249,-1,-1,337799,301069,500000,32.440200000000004,5000,1,1,2
500000,20.0,5.0,True,,1.0,10,249,-1,-1,462179,327214,500000,7.5642000000000005,5000,3,3,3
500000,20.0,5.0,True,,1.0,14,249,-1,-1,514497,381797,500000,2.8994,5000,2,3,4
500000,20.0,10.0,True,,1.0,1,249,-1,-1,373651,333022,500000,25.269799999999996,5000,1,1,0
500000,20.0,10.0,True,,1.0,15,249,-1,-1,286162,286162,500000,42.7676,5000,0,0,1
500000,20.0,10.0,True,,1.0,2,249,-1,-1,531821,447359,500000,6.3642,5000,2,2,2
500000,20.0,10.0,True,,1.0,0,249,-1,-1,349812,277875,500000,30.037599999999998,5000,2,2,3
500000,20.0,10.0,True,,1.0,5,249,-1,-1,427951,427951,500000,14.4098,5000,0,0,4
1000000,0.0,1.0,False,,1.0,4,249,-1,-1,1000000,1000000,1000000,0.0,5000,0,0,0
1000000,0.0,1.0,False,,1.0,4,249,-1,-1,1000000,1000000,1000000,0.0,5000,0,0,1
1000000,0.0,1.0,False,,1.0,4,249,-1,-1,1000000,1000000,1000000,0.0,5000,0,0,2
1000000,0.0,1.0,False,,1.0,4,249,-1,-1,1000000,1000000,1000000,0.0,5000,0,0,3
1000000,0.0,1.0,False,,1.0,4,249,-1,-1,1000000,1000000,1000000,0.0,5000,0,0,4
1000000,0.0,5.0,True,,1.0,0,249,-1,-1,1000000,1000000,1000000,0.0,5000,0,0,0
1000000,0.0,5.0,True,,1.0,0,249,-1,-1,1000000,1000000,1000000,0.0,5000,0,0,1
1000000,0.0,5.0,True,,1.0,0,249,-1,-1,1000000,1000000,1000000,0.0,5000,0,0,2
1000000,0.0,5.0,True,,1.0,0,249,-1,-1,1000000,1000000,1000000,0.0,5000,0,0,3
1000000,0.0,5.0,True,,1.0,0,249,-1,-1,1000000,1000000,1000000,0.0,5000,0,0,4
1000000,0.0,10.0,True,,1.0,0,249,-1,-1,1000000,1000000,1000000,0.0,5000,0,0,0
1000000,0.0,10.0,True,,1.0,0,249,-1,-1,1000000,1000000,1000000,0.0,5000,0,0,1
1000000,0.0,10.0,True,,1.0,0,249,-1,-1,1000000,1000000,1000000,0.0,5000,0,0,2
1000000,0.0,10.0,True,,1.0,0,249,-1,-1,1000000,1000000,1000000,0.0,5000,0,0,3
1000000,0.0,10.0,True,,1.0,0,249,-1,-1,1000000,1000000,1000000,0.0,5000,0,0,4
1000000,0.5,1.0,False,,1.0,4,249,-1,-1,1002892,982965,1000000,0.2892,5000,0,0,0
1000000,0.5,1.0,False,,1.0,4,249,-1,-1,996964,982138,1000000,0.3036,5000,0,0,1
1000000,0.5,1.0,False,,1.0,4,249,-1,-1,990344,981771,1000000,0.9656,5000,0,0,2
1000000,0.5,1.0,False,,1.0,4,249,-1,-1,999788,982596,1000000,0.0212,5000,0,0,3
1000000,0.5,1.0,False,,1.0,4,249,-1,-1,1004838,980957,1000000,0.4838,5000,0,0,4
1000000,0.5,5.0,True,,1.0,0,249,-1,-1,1002232,983822,1000000,0.2232,5000,0,0,0
1000000,0.5,5.0,True,,1.0,0,249,-1,-1,1004034,980140,1000000,0.40340000000000004,5000,0,0,1
1000000,0.5,5.0,True,,1.0,0,249,-1,-1,994675,981575,1000000,0.5325,5000,0,0,2
1000000,0.5,5.0,True,,1.0,0,249,-1,-1,999765,982630,1000000,0.0235,5000,0,0,3
1000000,0.5,5.0,True,,1.0,0,249,-1,-1,1002576,983759,1000000,0.2576,5000,0,0,4
1000000,0.5,10.0,True,,1.0,0,249,-1,-1,1004570,983659,1000000,0.457,5000,0,0,0
1000000,0.5,10.0,True,,1.0,0,249,-1,-1,999907,979383,1000000,0.0093,5000,0,0,1
1000000,0.5,10.0,True,,1.0,0,249,-1,-1,997754,981727,1000000,0.22460000000000002,5000,0,0,2
1000000,0.5,10.0,True,,1.0,0,249,-1,-1,995593,982910,1000000,0.44070000000000004,5000,0,0,3
1000000,0.5,10.0,True,,1.0,0,249,-1,-1,1002001,980524,1000000,0.20010000000000003,5000,0,0,4
1000000,1.0,1.0,False,,1.0,4,249,-1,-1,987204,978101,1000000,1.2796,5000,0,0,0
1000000,1.0,1.0,False,,1.0,4,249,-1,-1,1003572,973654,1000000,0.3572,5000,0,0,1
1000000,1.0,1.0,False,,1.0,4,249,-1,-1,1012553,969397,1000000,1.2553,5000,0,4,2
1000000,1.0,1.0,False,,1.0,4,249,-1,-1,998106,971132,1000000,0.1894,5000,0,0,3
1000000,1.0,1.0,False,,1.0,4,249,-1,-1,1001238,976504,1000000,0.1238,5000,0,0,4
1000000,1.0,5.0,True,,1.0,1,249,-1,-1,1000573,972810,1000000,0.057300000000000004,5000,0,0,0
1000000,1.0,5.0,True,,1.0,0,249,-1,-1,1001084,971662,1000000,0.1084,5000,0,2,1
1000000,1.0,5.0,True,,1.0,0,249,-1,-1,1010258,974063,1000000,1.0258,5000,0,4,2
1000000,1.0,5.0,True,,1.0,0,249,-1,-1,1031440,974141,1000000,3.144,5000,0,3,3
1000000,1.0,5.0,True,,1.0,0,249,-1,-1,1003367,975231,1000000,0.3367,5000,0,0,4
1000000,1.0,10.0,True,,1.0,0,249,-1,-1,998098,974323,1000000,0.1902,5000,0,0,0
1000000,1.0,10.0,True,,1.0,0,249,-1,-1,986586,972918,1000000,1.3414000000000001,5000,0,1,1
1000000,1.0,10.0,True,,1.0,0,249,-1,-1,1035034,964215,1000000,3.5034,5000,0,1,2
1000000,1.0,10.0,True,,1.0,0,249,-1,-1,1002894,973876,1000000,0.2894,5000,0,0,3
1000000,1.0,10.0,True,,1.0,0,249,-1,-1,992952,985742,1000000,0.7048,5000,0,0,4
1000000,2.0,1.0,False,,1.0,4,249,-1,-1,1000287,974651,1000000,0.0287,5000,0,0,0
1000000,2.0,1.0,False,,1.0,4,249,-1,-1,1010756,950820,1000000,1.0756,5000,0,1,1
1000000,2.0,1.0,False,,1.0,4,249,-1,-1,1025536,965323,1000000,2.5536,5000,0,4,2
1000000,2.0,1.0,False,,1.0,4,249,-1,-1,1007503,998934,1000000,0.7503,5000,0,0,3
1000000,2.0,1.0,False,,1.0,4,249,-1,-1,970587,969107,1000000,2.9413,5000,0,1,4
1000000,2.0,5.0,True,,1.0,0,249,-1,-1,981900,977923,1000000,1.81,5000,0,0,0
1000000,2.0,5.0,True,,1.0,1,249,-1,-1,964198,964198,1000000,3.5802,5000,0,0,1
1000000,2.0,5.0,True,,1.0,0,249,-1,-1,980279,946064,1000000,1.9721,5000,0,3,2
1000000,2.0,5.0,True,,1.0,0,249,-1,-1,993113,974159,1000000,0.6887,5000,0,4,3
1000000,2.0,5.0,True,,1.0,0,249,-1,-1,1005863,980155,1000000,0.5863,5000,0,0,4
1000000,2.0,10.0,True,,1.0,0,249,-1,-1,1003151,967170,1000000,0.3151,5000,0,0,0
1000000,2.0,10.0,True,,1.0,0,249,-1,-1,1010522,966882,1000000,1.0522,5000,0,2,1
1000000,2.0,10.0,True,,1.0,0,249,-1,-1,995341,966890,1000000,0.4659,5000,0,1,2
1000000,2.0,10.0,True,,1.0,4,249,-1,-1,1005444,937389,1000000,0.5444,5000,0,3,3
1000000,2.0,10.0,True,,1.0,1,249,-1,-1,1021189,976823,1000000,2.1189,5000,0,1,4
1000000,5.0,1.0,False,,1.0,7,249,-1,-1,975863,975863,1000000,2.4137,5000,0,0,0
1000000,5.0,1.0,False,,1.0,6,249,-1,-1,962498,935933,1000000,3.7502,5000,0,0,1
1000000,5.0,1.0,False,,1.0,7,249,-1,-1,1003477,939006,1000000,0.3477,5000,0,1,2
1000000,5.0,1.0,False,,1.0,6,249,-1,-1,1030843,941997,1000000,3.0843,5000,0,2,3
1000000,5.0,1.0,False,,1.0,9,249,-1,-1,1019742,916146,1000000,1.9742,5000,2,3,4
1000000,5.0,5.0,True,,1.0,2,249,-1,-1,929012,929012,1000000,7.0988,5000,0,0,0
1000000,5.0,5.0,True,,1.0,4,249,-1,-1,974332,919770,1000000,2.5668,5000,0,1,1
1000000,5.0,5.0,True,,1.0,1,249,-1,-1,1041144,1041144,1000000,4.1144,5000,0,0,2
1000000,5.0,5.0,True,,1.0,4,249,-1,-1,1041498,1022059,1000000,4.1498,5000,0,0,3
1000000,5.0,5.0,True,,1.0,1,249,-1,-1,1007046,1003732,1000000,0.7046,5000,0,0,4
1000000,5.0,10.0,True,,1.0,1,249,-1,-1,959101,959101,1000000,4.0899,5000,0,0,0
1000000,5.0,10.0,True,,1.0,1,249,-1,-1,978057,959518,1000000,2.1943,5000,0,0,1
1000000,5.0,10.0,True,,1.0,1,249,-1,-1,1002048,936357,1000000,0.20479999999999998,5000,0,1,2
1000000,5.0,10.0,True,,1.0,1,249,-1,-1,1000390,911635,1000000,0.039,5000,0,1,3
1000000,5.0,10.0,True,,1.0,3,249,-1,-1,1006492,1006492,1000000,0.6492,5000,0,0,4
1000000,10.0,1.0,False,,1.0,4,249,-1,-1,910845,869892,1000000,8.9155,5000,0,0,0
1000000,10.0,1.0,False,,1.0,5,249,-1,-1,1006346,1006346,1000000,0.6346,5000,0,0,1
1000000,10.0,1.0,False,,1.0,4,249,-1,-1,1073594,911801,1000000,7.359400000000001,5000,1,1,2
1000000,10.0,1.0,False,,1.0,4,249,-1,-1,1066170,883718,1000000,6.617000000000001,5000,2,2,3
1000000,10.0,1.0,False,,1.0,7,249,-1,-1,989449,989449,1000000,1.0551,5000,0,0,4
1000000,10.0,5.0,True,,1.0,2,249,-1,-1,1014407,871809,1000000,1.4406999999999999,5000,2,2,0
1000000,10.0,5.0,True,,1.0,10,249,-1,-1,972623,972623,1000000,2.7377,5000,0,0,1
1000000,10.0,5.0,True,,1.0,7,249,-1,-1,997295,906118,1000000,0.2705,5000,1,3,2
1000000,10.0,5.0,True,,1.0,0,249,-1,-1,970868,921571,1000000,2.9132000000000002,5000,0,2,3
1000000,10.0,5.0,True,,1.0,6,249,-1,-1,989860,989860,1000000,1.014,5000,0,0,4
1000000,10.0,10.0,True,,1.0,10,249,-1,-1,830292,830292,1000000,16.9708,5000,0,0,0
1000000,10.0,10.0,True,,1.0,1,249,-1,-1,1033891,1033891,1000000,3.3890999999999996,5000,0,0,1
1000000,10.0,10.0,True,,1.0,2,249,-1,-1,935354,935354,1000000,6.4646,5000,0,0,2
1000000,10.0,10.0,True,,1.0,3,249,-1,-1,1099765,1089875,1000000,9.976500000000001,5000,0,0,3
1000000,10.0,10.0,True,,1.0,1,249,-1,-1,1059750,958310,1000000,5.975,5000,2,3,4
1000000,20.0,1.0,False,,1.0,8,249,-1,-1,761425,761425,1000000,23.8575,5000,0,0,0
1000000,20.0,1.0,False,,1.0,9,249,-1,-1,1136218,1012672,1000000,13.6218,5000,1,1,1
1000000,20.0,1.0,False,,1.0,4,249,-1,-1,681800,607665,1000000,31.819999999999997,5000,1,1,2
1000000,20.0,1.0,False,,1.0,16,249,-1,-1,594774,594774,1000000,40.5226,5000,0,0,3
1000000,20.0,1.0,False,,1.0,5,249,-1,-1,1025791,914253,1000000,2.5791,5000,1,1,4
1000000,20.0,5.0,True,,1.0,5,249,-1,-1,855423,855423,1000000,14.4577,5000,0,0,0
1000000,20.0,5.0,True,,1.0,3,249,-1,-1,1015056,1015056,1000000,1.5056,5000,0,0,1
1000000,20.0,5.0,True,,1.0,2,249,-1,-1,1065736,896414,1000000,6.5736,5000,1,2,2
1000000,20.0,5.0,True,,1.0,6,249,-1,-1,792223,695129,1000000,20.7777,5000,2,2,3
1000000,20.0,5.0,True,,1.0,94,249,-1,-1,1087937,1087937,1000000,8.7937,5000,0,0,4
1000000,20.0,10.0,True,,1.0,20,249,-1,-1,1006066,799173,1000000,0.6066,5000,2,2,0
1000000,20.0,10.0,True,,1.0,16,249,-1,-1,1126198,1126198,1000000,12.6198,5000,0,0,1
1000000,20.0,10.0,True,,1.0,8,249,-1,-1,910561,910561,1000000,8.943900000000001,5000,0,0,2
1000000,20.0,10.0,True,,1.0,5,249,-1,-1,900582,715382,1000000,9.9418,5000,2,2,3
1000000,20.0,10.0,True,,1.0,1,249,-1,-1,954263,758023,1000000,4.5737,5000,2,2,4
