t_prop_us,noise_pct,init_factor,is_under,path_change_factor,converged_acks,converged_rtts,detection_acks,detection_rtts,final_x_est_us,final_min_rtt_us,true_min_rtt_us,final_err_pct,acks
500,0.5,1.0,False,1.0,5,0,,,500,491,500,0.0,5000
500,0.5,2.0,False,1.0,5,0,,,500,491,500,0.0,5000
500,0.5,5.0,False,1.0,5,0,,,500,491,500,0.0,5000
500,0.5,10.0,False,1.0,5,0,,,500,491,500,0.0,5000
500,0.5,0.1,True,1.0,20,0,,,500,491,500,0.0,5000
500,0.5,0.5,True,1.0,6,0,,,500,491,500,0.0,5000
500,1.0,1.0,False,1.0,5,0,,,500,495,500,0.0,5000
500,1.0,2.0,False,1.0,5,0,,,500,495,500,0.0,5000
500,1.0,5.0,False,1.0,5,0,,,500,495,500,0.0,5000
500,1.0,10.0,False,1.0,5,0,,,500,495,500,0.0,5000
500,1.0,0.1,True,1.0,20,0,,,500,495,500,0.0,5000
500,1.0,0.5,True,1.0,6,0,,,500,495,500,0.0,5000
500,2.0,1.0,False,1.0,5,0,,,500,500,500,0.0,5000
500,2.0,2.0,False,1.0,5,0,,,500,500,500,0.0,5000
500,2.0,5.0,False,1.0,5,0,,,500,500,500,0.0,5000
500,2.0,10.0,False,1.0,5,0,,,500,500,500,0.0,5000
500,2.0,0.1,True,1.0,20,0,,,500,500,500,0.0,5000
500,2.0,0.5,True,1.0,7,0,,,500,500,500,0.0,5000
500,5.0,1.0,False,1.0,5,0,,,500,488,500,0.0,5000
500,5.0,2.0,False,1.0,5,0,,,500,488,500,0.0,5000
500,5.0,5.0,False,1.0,5,0,,,500,488,500,0.0,5000
500,5.0,10.0,False,1.0,5,0,,,500,488,500,0.0,5000
500,5.0,0.1,True,1.0,20,0,,,500,488,500,0.0,5000
500,5.0,0.5,True,1.0,7,0,,,500,488,500,0.0,5000
500,10.0,1.0,False,1.0,5,0,,,499,499,500,0.2,5000
500,10.0,2.0,False,1.0,5,0,,,499,499,500,0.2,5000
500,10.0,5.0,False,1.0,5,0,,,499,499,500,0.2,5000
500,10.0,10.0,False,1.0,5,0,,,499,499,500,0.2,5000
500,10.0,0.1,True,1.0,20,0,,,499,499,500,0.2,5000
500,10.0,0.5,True,1.0,9,0,,,499,499,500,0.2,5000
1000,0.5,1.0,False,1.0,5,0,,,1000,981,1000,0.0,5000
1000,0.5,2.0,False,1.0,5,0,,,1000,981,1000,0.0,5000
1000,0.5,5.0,False,1.0,5,0,,,1000,981,1000,0.0,5000
1000,0.5,10.0,False,1.0,5,0,,,1000,981,1000,0.0,5000
1000,0.5,0.1,True,1.0,20,0,,,1000,981,1000,0.0,5000
1000,0.5,0.5,True,1.0,6,0,,,1000,981,1000,0.0,5000
1000,1.0,1.0,False,1.0,5,0,,,1000,976,1000,0.0,5000
1000,1.0,2.0,False,1.0,5,0,,,1000,976,1000,0.0,5000
1000,1.0,5.0,False,1.0,5,0,,,1000,976,1000,0.0,5000
1000,1.0,10.0,False,1.0,5,0,,,1000,976,1000,0.0,5000
1000,1.0,0.1,True,1.0,20,0,,,1000,976,1000,0.0,5000
1000,1.0,0.5,True,1.0,6,0,,,1000,976,1000,0.0,5000
1000,2.0,1.0,False,1.0,5,0,,,1000,1000,1000,0.0,5000
1000,2.0,2.0,False,1.0,5,0,,,1000,1000,1000,0.0,5000
1000,2.0,5.0,False,1.0,5,0,,,1000,1000,1000,0.0,5000
1000,2.0,10.0,False,1.0,5,0,,,1000,1000,1000,0.0,5000
1000,2.0,0.1,True,1.0,20,0,,,1000,1000,1000,0.0,5000
1000,2.0,0.5,True,1.0,7,0,,,1000,1000,1000,0.0,5000
1000,5.0,1.0,False,1.0,5,0,,,999,976,1000,0.1,5000
1000,5.0,2.0,False,1.0,5,0,,,999,976,1000,0.1,5000
1000,5.0,5.0,False,1.0,5,0,,,999,976,1000,0.1,5000
1000,5.0,10.0,False,1.0,5,0,,,999,976,1000,0.1,5000
1000,5.0,0.1,True,1.0,20,0,,,999,976,1000,0.1,5000
1000,5.0,0.5,True,1.0,7,0,,,999,976,1000,0.1,5000
1000,10.0,1.0,False,1.0,5,0,,,998,998,1000,0.2,5000
1000,10.0,2.0,False,1.0,5,0,,,998,998,1000,0.2,5000
1000,10.0,5.0,False,1.0,5,0,,,998,998,1000,0.2,5000
1000,10.0,10.0,False,1.0,5,0,,,998,998,1000,0.2,5000
1000,10.0,0.1,True,1.0,20,0,,,998,998,1000,0.2,5000
1000,10.0,0.5,True,1.0,10,0,,,998,998,1000,0.2,5000
5000,0.5,1.0,False,1.0,5,0,,,5000,4902,5000,0.0,5000
5000,0.5,2.0,False,1.0,5,0,,,5000,4902,5000,0.0,5000
5000,0.5,5.0,False,1.0,5,0,,,5000,4902,5000,0.0,5000
5000,0.5,10.0,False,1.0,5,0,,,5000,4902,5000,0.0,5000
5000,0.5,0.1,True,1.0,20,0,,,5000,4902,5000,0.0,5000
5000,0.5,0.5,True,1.0,6,0,,,5000,4902,5000,0.0,5000
5000,1.0,1.0,False,1.0,5,0,,,4999,4879,5000,0.02,5000
5000,1.0,2.0,False,1.0,5,0,,,4999,4879,5000,0.02,5000
5000,1.0,5.0,False,1.0,5,0,,,4999,4879,5000,0.02,5000
5000,1.0,10.0,False,1.0,5,0,,,4999,4879,5000,0.02,5000
5000,1.0,0.1,True,1.0,20,0,,,4999,4879,5000,0.02,5000
5000,1.0,0.5,True,1.0,6,0,,,4999,4879,5000,0.02,5000
5000,2.0,1.0,False,1.0,5,0,,,4998,4998,5000,0.04,5000
5000,2.0,2.0,False,1.0,5,0,,,4998,4998,5000,0.04,5000
5000,2.0,5.0,False,1.0,5,0,,,4998,4998,5000,0.04,5000
5000,2.0,10.0,False,1.0,5,0,,,4998,4998,5000,0.04,5000
5000,2.0,0.1,True,1.0,20,0,,,4998,4998,5000,0.04,5000
5000,2.0,0.5,True,1.0,7,0,,,4998,4998,5000,0.04,5000
5000,5.0,1.0,False,1.0,5,0,,,4993,4877,5000,0.13999999999999999,5000
5000,5.0,2.0,False,1.0,5,0,,,4993,4877,5000,0.13999999999999999,5000
5000,5.0,5.0,False,1.0,5,0,,,4993,4877,5000,0.13999999999999999,5000
5000,5.0,10.0,False,1.0,5,0,,,4993,4877,5000,0.13999999999999999,5000
5000,5.0,0.1,True,1.0,20,0,,,4993,4877,5000,0.13999999999999999,5000
5000,5.0,0.5,True,1.0,7,0,,,4993,4877,5000,0.13999999999999999,5000
5000,10.0,1.0,False,1.0,5,0,,,4986,4986,5000,0.27999999999999997,5000
5000,10.0,2.0,False,1.0,5,0,,,4986,4986,5000,0.27999999999999997,5000
5000,10.0,5.0,False,1.0,5,0,,,4986,4986,5000,0.27999999999999997,5000
5000,10.0,10.0,False,1.0,5,0,,,4986,4986,5000,0.27999999999999997,5000
5000,10.0,0.1,True,1.0,20,0,,,4986,4986,5000,0.27999999999999997,5000
5000,10.0,0.5,True,1.0,10,0,,,4986,4986,5000,0.27999999999999997,5000
10000,0.5,1.0,False,1.0,5,0,,,9999,9804,10000,0.01,5000
10000,0.5,2.0,False,1.0,5,0,,,9999,9804,10000,0.01,5000
10000,0.5,5.0,False,1.0,5,0,,,9999,9804,10000,0.01,5000
10000,0.5,10.0,False,1.0,5,0,,,9999,9804,10000,0.01,5000
10000,0.5,0.1,True,1.0,20,0,,,9999,9804,10000,0.01,5000
10000,0.5,0.5,True,1.0,6,0,,,9999,9804,10000,0.01,5000
10000,1.0,1.0,False,1.0,5,0,,,9998,9757,10000,0.02,5000
10000,1.0,2.0,False,1.0,5,0,,,9998,9757,10000,0.02,5000
10000,1.0,5.0,False,1.0,5,0,,,9998,9757,10000,0.02,5000
10000,1.0,10.0,False,1.0,5,0,,,9998,9757,10000,0.02,5000
10000,1.0,0.1,True,1.0,20,0,,,9998,9757,10000,0.02,5000
10000,1.0,0.5,True,1.0,6,0,,,9998,9757,10000,0.02,5000
10000,2.0,1.0,False,1.0,5,0,,,9995,9995,10000,0.05,5000
10000,2.0,2.0,False,1.0,5,0,,,9995,9995,10000,0.05,5000
10000,2.0,5.0,False,1.0,5,0,,,9995,9995,10000,0.05,5000
10000,2.0,10.0,False,1.0,5,0,,,9995,9995,10000,0.05,5000
10000,2.0,0.1,True,1.0,20,0,,,9995,9995,10000,0.05,5000
10000,2.0,0.5,True,1.0,7,0,,,9995,9995,10000,0.05,5000
10000,5.0,1.0,False,1.0,5,0,,,9986,9753,10000,0.13999999999999999,5000
10000,5.0,2.0,False,1.0,5,0,,,9986,9753,10000,0.13999999999999999,5000
10000,5.0,5.0,False,1.0,5,0,,,9986,9753,10000,0.13999999999999999,5000
10000,5.0,10.0,False,1.0,5,0,,,9986,9753,10000,0.13999999999999999,5000
10000,5.0,0.1,True,1.0,20,0,,,9986,9753,10000,0.13999999999999999,5000
10000,5.0,0.5,True,1.0,7,0,,,9986,9753,10000,0.13999999999999999,5000
10000,10.0,1.0,False,1.0,5,0,,,9971,9971,10000,0.29,5000
10000,10.0,2.0,False,1.0,5,0,,,9971,9971,10000,0.29,5000
10000,10.0,5.0,False,1.0,5,0,,,9971,9971,10000,0.29,5000
10000,10.0,10.0,False,1.0,5,0,,,9971,9971,10000,0.29,5000
10000,10.0,0.1,True,1.0,20,0,,,9971,9971,10000,0.29,5000
10000,10.0,0.5,True,1.0,10,0,,,9971,9971,10000,0.29,5000
50000,0.5,1.0,False,1.0,5,0,,,49993,49016,50000,0.013999999999999999,5000
50000,0.5,2.0,False,1.0,5,0,,,49993,49016,50000,0.013999999999999999,5000
50000,0.5,5.0,False,1.0,5,0,,,49993,49016,50000,0.013999999999999999,5000
50000,0.5,10.0,False,1.0,5,0,,,49993,49016,50000,0.013999999999999999,5000
50000,0.5,0.1,True,1.0,20,0,,,49993,49016,50000,0.013999999999999999,5000
50000,0.5,0.5,True,1.0,6,0,,,49993,49016,50000,0.013999999999999999,5000
50000,1.0,1.0,False,1.0,5,0,,,49986,48781,50000,0.027999999999999997,5000
50000,1.0,2.0,False,1.0,5,0,,,49986,48781,50000,0.027999999999999997,5000
50000,1.0,5.0,False,1.0,5,0,,,49986,48781,50000,0.027999999999999997,5000
50000,1.0,10.0,False,1.0,5,0,,,49986,48781,50000,0.027999999999999997,5000
50000,1.0,0.1,True,1.0,20,0,,,49986,48781,50000,0.027999999999999997,5000
50000,1.0,0.5,True,1.0,6,0,,,49986,48781,50000,0.027999999999999997,5000
50000,2.0,1.0,False,1.0,5,0,,,49971,49971,50000,0.058,5000
50000,2.0,2.0,False,1.0,5,0,,,49971,49971,50000,0.058,5000
50000,2.0,5.0,False,1.0,5,0,,,49971,49971,50000,0.058,5000
50000,2.0,10.0,False,1.0,5,0,,,49971,49971,50000,0.058,5000
50000,2.0,0.1,True,1.0,20,0,,,49971,49971,50000,0.058,5000
50000,2.0,0.5,True,1.0,7,0,,,49971,49971,50000,0.058,5000
50000,5.0,1.0,False,1.0,5,0,,,49927,48762,50000,0.146,5000
50000,5.0,2.0,False,1.0,5,0,,,49927,48762,50000,0.146,5000
50000,5.0,5.0,False,1.0,5,0,,,49927,48762,50000,0.146,5000
50000,5.0,10.0,False,1.0,5,0,,,49927,48762,50000,0.146,5000
50000,5.0,0.1,True,1.0,20,0,,,49927,48762,50000,0.146,5000
50000,5.0,0.5,True,1.0,7,0,,,49927,48762,50000,0.146,5000
50000,10.0,1.0,False,1.0,5,0,,,49854,49854,50000,0.292,5000
50000,10.0,2.0,False,1.0,5,0,,,49854,49854,50000,0.292,5000
50000,10.0,5.0,False,1.0,5,0,,,49854,49854,50000,0.292,5000
50000,10.0,10.0,False,1.0,5,0,,,49854,49854,50000,0.292,5000
50000,10.0,0.1,True,1.0,20,0,,,49854,49854,50000,0.292,5000
50000,10.0,0.5,True,1.0,10,0,,,49854,49854,50000,0.292,5000
100000,0.5,1.0,False,1.0,5,0,,,99986,98032,100000,0.013999999999999999,5000
100000,0.5,2.0,False,1.0,5,0,,,99986,98032,100000,0.013999999999999999,5000
100000,0.5,5.0,False,1.0,5,0,,,99986,98032,100000,0.013999999999999999,5000
100000,0.5,10.0,False,1.0,5,0,,,99986,98032,100000,0.013999999999999999,5000
100000,0.5,0.1,True,1.0,20,0,,,99986,98032,100000,0.013999999999999999,5000
100000,0.5,0.5,True,1.0,6,0,,,99986,98032,100000,0.013999999999999999,5000
100000,1.0,1.0,False,1.0,5,0,,,99971,97561,100000,0.029,5000
100000,1.0,2.0,False,1.0,5,0,,,99971,97561,100000,0.029,5000
100000,1.0,5.0,False,1.0,5,0,,,99971,97561,100000,0.029,5000
100000,1.0,10.0,False,1.0,5,0,,,99971,97561,100000,0.029,5000
100000,1.0,0.1,True,1.0,20,0,,,99971,97561,100000,0.029,5000
100000,1.0,0.5,True,1.0,6,0,,,99971,97561,100000,0.029,5000
100000,2.0,1.0,False,1.0,5,0,,,99942,99942,100000,0.058,5000
100000,2.0,2.0,False,1.0,5,0,,,99942,99942,100000,0.058,5000
100000,2.0,5.0,False,1.0,5,0,,,99942,99942,100000,0.058,5000
100000,2.0,10.0,False,1.0,5,0,,,99942,99942,100000,0.058,5000
100000,2.0,0.1,True,1.0,20,0,,,99942,99942,100000,0.058,5000
100000,2.0,0.5,True,1.0,7,0,,,99942,99942,100000,0.058,5000
100000,5.0,1.0,False,1.0,5,0,,,99854,97524,100000,0.146,5000
100000,5.0,2.0,False,1.0,5,0,,,99854,97524,100000,0.146,5000
100000,5.0,5.0,False,1.0,5,0,,,99854,97524,100000,0.146,5000
100000,5.0,10.0,False,1.0,5,0,,,99854,97524,100000,0.146,5000
100000,5.0,0.1,True,1.0,20,0,,,99854,97524,100000,0.146,5000
100000,5.0,0.5,True,1.0,7,0,,,99854,97524,100000,0.146,5000
100000,10.0,1.0,False,1.0,5,0,,,99708,99708,100000,0.292,5000
100000,10.0,2.0,False,1.0,5,0,,,99708,99708,100000,0.292,5000
100000,10.0,5.0,False,1.0,5,0,,,99708,99708,100000,0.292,5000
100000,10.0,10.0,False,1.0,5,0,,,99708,99708,100000,0.292,5000
100000,10.0,0.1,True,1.0,20,0,,,99708,99708,100000,0.292,5000
100000,10.0,0.5,True,1.0,10,0,,,99708,99708,100000,0.292,5000
500000,0.5,1.0,False,1.0,5,0,,,499927,490157,500000,0.0146,5000
500000,0.5,2.0,False,1.0,5,0,,,499927,490157,500000,0.0146,5000
500000,0.5,5.0,False,1.0,5,0,,,499927,490157,500000,0.0146,5000
500000,0.5,10.0,False,1.0,5,0,,,499927,490157,500000,0.0146,5000
500000,0.5,0.1,True,1.0,20,0,,,499927,490157,500000,0.0146,5000
500000,0.5,0.5,True,1.0,6,0,,,499927,490157,500000,0.0146,5000
500000,1.0,1.0,False,1.0,5,0,,,499854,487805,500000,0.0292,5000
500000,1.0,2.0,False,1.0,5,0,,,499854,487805,500000,0.0292,5000
500000,1.0,5.0,False,1.0,5,0,,,499854,487805,500000,0.0292,5000
500000,1.0,10.0,False,1.0,5,0,,,499854,487805,500000,0.0292,5000
500000,1.0,0.1,True,1.0,20,0,,,499854,487805,500000,0.0292,5000
500000,1.0,0.5,True,1.0,6,0,,,499854,487805,500000,0.0292,5000
500000,2.0,1.0,False,1.0,5,0,,,499708,499708,500000,0.0584,5000
500000,2.0,2.0,False,1.0,5,0,,,499708,499708,500000,0.0584,5000
500000,2.0,5.0,False,1.0,5,0,,,499708,499708,500000,0.0584,5000
500000,2.0,10.0,False,1.0,5,0,,,499708,499708,500000,0.0584,5000
500000,2.0,0.1,True,1.0,20,0,,,499708,499708,500000,0.0584,5000
500000,2.0,0.5,True,1.0,7,0,,,499708,499708,500000,0.0584,5000
500000,5.0,1.0,False,1.0,5,0,,,499270,487617,500000,0.146,5000
500000,5.0,2.0,False,1.0,5,0,,,499270,487617,500000,0.146,5000
500000,5.0,5.0,False,1.0,5,0,,,499270,487617,500000,0.146,5000
500000,5.0,10.0,False,1.0,5,0,,,499270,487617,500000,0.146,5000
500000,5.0,0.1,True,1.0,20,0,,,499270,487617,500000,0.146,5000
500000,5.0,0.5,True,1.0,7,0,,,499270,487617,500000,0.146,5000
500000,10.0,1.0,False,1.0,5,0,,,498540,498540,500000,0.292,5000
500000,10.0,2.0,False,1.0,5,0,,,498540,498540,500000,0.292,5000
500000,10.0,5.0,False,1.0,5,0,,,498540,498540,500000,0.292,5000
500000,10.0,10.0,False,1.0,5,0,,,498540,498540,500000,0.292,5000
500000,10.0,0.1,True,1.0,20,0,,,498540,498540,500000,0.292,5000
500000,10.0,0.5,True,1.0,10,0,,,498540,498540,500000,0.292,5000
1000000,0.5,1.0,False,1.0,5,0,,,999854,980314,1000000,0.0146,5000
1000000,0.5,2.0,False,1.0,5,0,,,999854,980314,1000000,0.0146,5000
1000000,0.5,5.0,False,1.0,5,0,,,999854,980314,1000000,0.0146,5000
1000000,0.5,10.0,False,1.0,5,0,,,999854,980314,1000000,0.0146,5000
1000000,0.5,0.1,True,1.0,20,0,,,999854,980314,1000000,0.0146,5000
1000000,0.5,0.5,True,1.0,6,0,,,999854,980314,1000000,0.0146,5000
1000000,1.0,1.0,False,1.0,5,0,,,999708,975609,1000000,0.0292,5000
1000000,1.0,2.0,False,1.0,5,0,,,999708,975609,1000000,0.0292,5000
1000000,1.0,5.0,False,1.0,5,0,,,999708,975609,1000000,0.0292,5000
1000000,1.0,10.0,False,1.0,5,0,,,999708,975609,1000000,0.0292,5000
1000000,1.0,0.1,True,1.0,20,0,,,999708,975609,1000000,0.0292,5000
1000000,1.0,0.5,True,1.0,6,0,,,999708,975609,1000000,0.0292,5000
1000000,2.0,1.0,False,1.0,5,0,,,999416,999416,1000000,0.0584,5000
1000000,2.0,2.0,False,1.0,5,0,,,999416,999416,1000000,0.0584,5000
1000000,2.0,5.0,False,1.0,5,0,,,999416,999416,1000000,0.0584,5000
1000000,2.0,10.0,False,1.0,5,0,,,999416,999416,1000000,0.0584,5000
1000000,2.0,0.1,True,1.0,20,0,,,999416,999416,1000000,0.0584,5000
1000000,2.0,0.5,True,1.0,7,0,,,999416,999416,1000000,0.0584,5000
1000000,5.0,1.0,False,1.0,5,0,,,998540,975234,1000000,0.146,5000
1000000,5.0,2.0,False,1.0,5,0,,,998540,975234,1000000,0.146,5000
1000000,5.0,5.0,False,1.0,5,0,,,998540,975234,1000000,0.146,5000
1000000,5.0,10.0,False,1.0,5,0,,,998540,975234,1000000,0.146,5000
1000000,5.0,0.1,True,1.0,20,0,,,998540,975234,1000000,0.146,5000
1000000,5.0,0.5,True,1.0,7,0,,,998540,975234,1000000,0.146,5000
1000000,10.0,1.0,False,1.0,5,0,,,997079,997079,1000000,0.2921,5000
1000000,10.0,2.0,False,1.0,5,0,,,997079,997079,1000000,0.2921,5000
1000000,10.0,5.0,False,1.0,5,0,,,997079,997079,1000000,0.2921,5000
1000000,10.0,10.0,False,1.0,5,0,,,997079,997079,1000000,0.2921,5000
1000000,10.0,0.1,True,1.0,20,0,,,997079,997079,1000000,0.2921,5000
1000000,10.0,0.5,True,1.0,10,0,,,997079,997079,1000000,0.2921,5000
